fc2_video_id,release_date,title,actress,censorship,seller,url,tags_checked
FC2-PPV-4981628,2026-09-22,【素人初撮り】まな(18)経験2人の超かわいいこ。緊張気味の初フェラ、初玩具、初中出し、初アナル。何度もイク姿がかわいかったので、2時間休みなしで責め続けてみました,,無,大人仮面Z,https://fc2cmadb.com/articles/4981628,yes
FC2-PPV-4979341,2026-09-22,【FC2史上No.1殿堂確定◯女。至高初アナルドキュメント大絶叫無限の涙】誰もが恋する148cm坂道アイドルFace小柄な18歳なつみちゃん20cmオーバー巨根悶絶中出し、初AFは理性を焼く禁断の光景,,無,巨根紳士倶楽部,https://fc2cmadb.com/articles/4979341,yes
FC2-PPV-4978708,2026-09-18,計160分収録【FC2史上伝説映像確定。メロボイスイグイグッ連続イキ潮初アナル】18歳みすず、奇跡の出逢い、彼氏の為に体を張り20cmオーバー巨根で計15回以上のイキハメ潮中出し。初めてのAFをどうぞ,,無,巨根紳士倶楽部,https://fc2cmadb.com/articles/4978708,yes
FC2-PPV-4975031,2026-09-18,[超接写オマンコくっぱぁ～]笑顔が可愛い18アイドル級美女❤清楚な顔して小さな膣ぴんくのビラビラを限界おっぴろげ！制服/薄陰毛/美しいラビア/濡れたおまんこ/超接写じっくり鑑賞,,無,エロタウロス,https://fc2cmadb.com/articles/4975031,yes
FC2-PPV-4975023,2026-09-11,[超接写オマンコくっぱぁ～]清楚系Gカップ女子大生❤やわやわ爆乳むちむち♡無毛マンコアナルおっぴろげ!ドアップ！スジマン/使用感のない綺麗なラビア/超接写じっくり鑑賞＆ねっちょりクンニ,,無,エロタウロス,https://fc2cmadb.com/articles/4975023,yes
FC2-PPV-4974654,2026-09-10,【素人初撮り】なの(18)かわいいツインテがアナルを貫通ATMと、吸うやつと電マで連続イキの別画角動画となります,,無,大人仮面Z,https://fc2cmadb.com/articles/4974654,yes
FC2-PPV-4972315,2026-09-05,超絶美女の悶絶アナル拡張、伝説のアナルワームと巨大ビーズをぶち込みペ◯スも挿入でアナルがっぽり開放、そのままデカチンに膣内射精されて最後は大量ごっくん,,無,Andrew77,https://fc2cmadb.com/articles/4972315,yes
FC2-PPV-4961496,2026-08-27,『個数限定販売！』巨根紳士倶楽部３名の【フェラ抜き集（定点付き！）×巨根デカマラ】大変お待たせしました！ソンホ監修のお涙ポロポロ20cmオーバー巨根ご奉仕映像を期間限定でお届けします。,,無,巨根紳士倶楽部,https://fc2cmadb.com/articles/4961496,yes
FC2-PPV-4948493,2026-07-31,むぎ(19)一年ぶりの再会で、中年唾液と精液でマーキングして、キス捨て唾を飲ませて中出し、アナル貫通ATMの別画角動画と一任所画角となります。,,無,大人仮面Z,https://fc2cmadb.com/articles/4948493,yes
FC2-PPV-4948009,2026-08-15,[超接写オマンコくっぱぁ～]アイドル並み可愛い高学歴18❤真っ白ピチピチ美肌ピンク乳首♡汚れの知らない薄ピンクのマンコをまんぐりポーズおっぴろげ!薄陰毛/美しいラビア/超接写じっくり鑑賞,,無,エロタウロス,https://fc2cmadb.com/articles/4948009,yes
FC2-PPV-4947237,2026-07-28,黒髪ツインテールがかわいいすみれちゃん(18)の3回目撮影の１人称画角動画を集めてみました。,,無,大人仮面Z,https://fc2cmadb.com/articles/4947237,yes
FC2-PPV-4946122,2026-07-26,【素人初撮り】すずか(19) 関西の普通の素人。おもちゃでいじくったら、トロトロ愛液が糸を引いていました。アナル舐めさせて唾を大量に飲ませて中出し。アナル責めもしました,,無,大人仮面Z,https://fc2cmadb.com/articles/4946122,yes
FC2-PPV-4940877,2026-07-18,【無修正】はじめてのアナル開発_由奈ちゃん写真集【豪華特典アリ】,,無,ネトリ,https://fc2cmadb.com/articles/4940877,yes
FC2-PPV-4940637,2026-07-17,【無修正】鳥肌が超立ち！！みんな大好きルミちゃんをくすぐりまくり～弱点のお尻を攻めまくれ！！当然、膣奥大量発射で種付け孕ませましょう！！,,無,ロバ,https://fc2cmadb.com/articles/4940637,yes
FC2-PPV-4940220,2026-07-17,【素人初撮り】なの(18)かわいいツインテ。アナル舐めを頑張り、アナルを貫通されてATMされてしまい、吸うやつと電マでイキつづけてしまう,,無,大人仮面Z,https://fc2cmadb.com/articles/4940220,yes
FC2-PPV-4938776,2026-07-15,[超接写オマンコくっぱぁ～]顔小っちゃスタイル良　可愛いアイドル級18❤透き通るような白い肌ふともも美脚♡汚れの知らない薄ピンクの小さな膣を一生懸命おっぴろげ　薄陰毛/美しいラビア/超接写じっくり鑑賞,,無,エロタウロス,https://fc2cmadb.com/articles/4938776,yes
FC2-PPV-4938457,2026-07-13,【無修正ｘ個人撮影】刺激を求め過ぎた超熟女がアナル解禁で3Pに挑戦！指やアナルをコキコキ挿れられてアクメ！最後はアナル中出しされる古希アナル妻ｗ,,無,Kerberos,https://fc2cmadb.com/articles/4938457,yes
FC2-PPV-4929598,2026-06-28,すみれ(18)かわいいツインテールの３回目撮影の別画角動画。アナル舐め、中出し、アナル貫通ATMの別画角と未公開シーンを収録しています,,無,大人仮面Z,https://fc2cmadb.com/articles/4929598,yes
FC2-PPV-4929512,2026-06-28,【W杯級♡お毛毛マンコ＆アナル✖️AFで素顔が乱れる瞬間】人生初中出し＆悶絶アナルSEXを18歳のぞみちゃんが大挑戦！お尻にズボズボ気持ちいい♡20cmオーバー巨根でイキ乱れる瞬間を紳士様、見納めくだ,,無,巨根紳士倶楽部,https://fc2cmadb.com/articles/4929512,yes
FC2-PPV-4928405,2026-06-27,つばさ(19) キスも厳しい垂れ乳。フェラもしたくないみたいだけど、そのまま口内射精。アナル貫通ATMもしました。,,無,大人仮面Z,https://fc2cmadb.com/articles/4928405,yes
FC2-PPV-4926709,2026-07-01,[超接写オマンコくっぱぁ～]ロケット超乳Hカップ童顔❤アニメみたいな二次元ボディ♡つるつるマンコアナルおっぴろげ!激くいこみハミ具ドアップ！美しいラビア/超接写じっくり鑑賞＆ねっちょりクンニ,,無,エロタウロス,https://fc2cmadb.com/articles/4926709,yes
FC2-PPV-4923861,2026-07-09,【7/25迄 1512pt迄】初めてのアナル開発♡エロすぎドMネキに好き放題の濃密性交。何度もイキまくる無限快楽。ついに二穴イキもできるように♡【顔出し/無修正/中出し】,,無,ネトリ,https://fc2cmadb.com/articles/4923861,yes
FC2-PPV-4922053,2026-06-17,[超接写オマンコくっぱぁ～]クール印象ですが笑顔が可愛い18アイドル級美女❤色白で綺麗なそそる体♡汚れの知らない薄ピンクのマンコをまんぐりポーズおっぴろげ!薄陰毛/美しいラビア/超接写じっくり鑑賞,,無,エロタウロス,https://fc2cmadb.com/articles/4922053,yes
FC2-PPV-4921031,2026-06-14,【素人初撮り】きら(18)152cm38kgの敏感なかわいいこ、おもちゃでビクビクしてアナル貫通ATMしてイラマした動画の別画角編集となります,,無,大人仮面Z,https://fc2cmadb.com/articles/4921031,yes
FC2-PPV-4920874,2026-06-14,♡６/21日迄半額・新企画第二弾【無・完全素人】授業に集中できないくらいHなことで頭がいっぱいの19歳JD。陥没おっぱいを吸われ、うぶな肉体をおじさんに貪られ、ひぃ～ひぃ～悶えて、ぶっといち〇ぽでイカ,,無,エロスエ リョーコ。,https://fc2cmadb.com/articles/4920874,yes
FC2-PPV-4920307,2026-06-26,女子大生にローションガーゼでめちゃくちゃされたのでアナルに中出しの仕返し,,無,AVEMA TV,https://fc2cmadb.com/articles/4920307,yes
FC2-PPV-4917942,2026-06-10,[超接写オマンコくっぱぁ～]≪某航空会社の美人ＣＡ≫#モデル体型 妖艶な笑みを浮かべながらドスケベ本能全開まんこアナルおっぴろげドアップくっぱぁ♡肉厚ラビア/無毛/超接写じっくり鑑賞！,,無,エロタウロス,https://fc2cmadb.com/articles/4917942,yes
FC2-PPV-4917039,2026-06-08,♡６/18日迄半額【無・完全素人・生中出し】スレンダーで、とっても綺麗なOLさんは、マ〇コをベロベロ舐められてぶっといチ〇ポでズコズコされて、中に出されるのが好きなんです！生（なま）中出し２発！,,無,エロスエ リョーコ。,https://fc2cmadb.com/articles/4917039,yes
FC2-PPV-4915289,2026-06-05,すみれ(18)かわいいツインテールの３回目撮影。イラマとアナル舐めさせられ、膣に入れられた水をストローで飲まれてしまう。中出し、アナル貫通ATMもしています。,,無,大人仮面Z,https://fc2cmadb.com/articles/4915289,yes
FC2-PPV-4915119,2026-06-05,【無修正ｘ個人撮影】サロン開業の資金調達困難の為アナル解放！初めてのアナルをトロトロにほぐしてIN！アナルに挿入されながらオマンコくぱぁピースする人妻！,,無,Kerberos,https://fc2cmadb.com/articles/4915119,yes
FC2-PPV-4912570,2026-06-03,[超接写オマンコくっぱぁ～][4K]愛嬌あふれる153cm小柄♡美乳Dカップエロ巨尻❤小さな膣一生懸命おっぴろげドアップ！天然ボーボー未処理の陰毛/薄いピンクラビア/超接写じっくり鑑賞,,無,エロタウロス,https://fc2cmadb.com/articles/4912570,yes
FC2-PPV-4910714,2026-05-30,しの(19) 田舎の素人３回目の撮影。アナルに太いバイブを入れたり、まんぐりがえしで、野菜を膣とアナルに突っ込んだりしました,,無,大人仮面Z,https://fc2cmadb.com/articles/4910714,yes
FC2-PPV-4910686,2026-05-30,性感マッサージのお*さんが美人過ぎたので中出ししちゃいました,,無,シロウトカメラ,https://fc2cmadb.com/articles/4910686,yes
FC2-PPV-4907806,2026-05-26,すみれ(18) とにかくかわいいすみれちゃん。中出ししてアナル貫通ATMして、コスプレ中出しした2回目撮影の一人称画角動画となります。,,無,大人仮面Z,https://fc2cmadb.com/articles/4907806,yes
FC2-PPV-4906459,2026-05-24,むぎ(19) 一年ぶりの再会。その間に同じ年の彼氏を作っていたので中年唾液と精液でマーキング。キスして唾を飲ませて、膣にたっぷり中出しして、アナル貫通ATMしておきました。,,無,大人仮面Z,https://fc2cmadb.com/articles/4906459,yes
FC2-PPV-4902168,2026-05-16,【素人初撮り・本編顔出し】りつ(19) テンションの高い関西系素人にアナル舐めさせて膣内、アナル内撮影と中出し、アナル貫通ATM,,無,大人仮面Z,https://fc2cmadb.com/articles/4902168,yes
FC2-PPV-4899749,2026-05-13,【素人初撮り・本編顔出し】はな(18) 田舎住み素人のアナル貫通ATMと電マ連続イキの別画角動画となります,,無,大人仮面Z,https://fc2cmadb.com/articles/4899749,yes
FC2-PPV-4898377,2026-05-10,すみれ(18)最高にかわいいこの２回目撮影別画角動画。中出し、電マオナニー、アナル貫通ATM、ピストンマシンをして、最後コスプレさせて中出ししています,,無,大人仮面Z,https://fc2cmadb.com/articles/4898377,yes
FC2-PPV-4897193,2026-05-08,【素人初撮り】にな(19) ムチムチ敏感素人の中出しとアナル貫通ATM。撮影後に昔馴染みの男友達と数年ぶりに会うらしいのでその前にたっぷり中出ししておきました。,,無,大人仮面Z,https://fc2cmadb.com/articles/4897193,yes
FC2-PPV-4893243,2026-05-02,【素人初撮り】しお(20)サブカル系地味カワパイパンの敏感な身体を責め続けて中出ししてアナル貫通ATMの別画角と一人称視点動画となります,,無,大人仮面Z,https://fc2cmadb.com/articles/4893243,yes
FC2-PPV-4890847,2026-04-29,すみれ(18) 最高にかわいいこの２回目撮影。何をされるかわかっているはずなのにまたノコノコときてしまったので、電マオナさせたり、アナルに入れたり、ピストンマシン使ったりしました,,無,大人仮面Z,https://fc2cmadb.com/articles/4890847,yes
FC2-PPV-4886819,2026-04-24,しの(19)2回目撮影　スレンダーな田舎素人に膣中出しとアナル挿入しATMの別画角動画と一人称動画となります,,無,大人仮面Z,https://fc2cmadb.com/articles/4886819,yes
FC2-PPV-4884935,2026-04-21,【素人初撮り】すみれ(18)163cm47kgDcupで最高にかわいいの撮影データから額カメラの１人称視点動画を集めました,,無,大人仮面Z,https://fc2cmadb.com/articles/4884935,yes
FC2-PPV-4880821,2026-04-14,【素人初撮り】すみれ(18)163cm47kgDcupで最高にかわいいのにメタボ中年にキスも中出しもアナル貫通もされてしまう動画の別化画角と未公開動画,,無,大人仮面Z,https://fc2cmadb.com/articles/4880821,yes
FC2-PPV-4879755,2026-04-11,【素人初撮り】まお(20) かわいい理系2回生の撮影データから額カメラの１人称視点動画を集めました,,無,大人仮面Z,https://fc2cmadb.com/articles/4879755,yes
FC2-PPV-4874629,2026-04-03,【これぞTHE令和No1欲望舞踏会×とくべチュ、な事しよ？？】※あみちゃん初悶絶アナルＳＥＸ頑張りました。歴代屈指の名器にメガ巨根で巨乳揺らしどっぷりたっぷり大量中出し。変態紳士様とくとご覧ください。,,無,巨根紳士倶楽部,https://fc2cmadb.com/articles/4874629,yes
FC2-PPV-4872003,2026-03-31,【素人初撮り】まお(20) かわいい理系2回生のアナル舐めさせ、中出しし、連続イキ、アナル貫通ATMの別画角と未公開シーンを収録しました,,無,大人仮面Z,https://fc2cmadb.com/articles/4872003,yes
FC2-PPV-4870877,2026-03-29,しの(19)2回目撮影　前回撮影時よりスレンダーになりました。久しぶりの性行為で中年男の精液を膣とアナルで受け入れる,,無,大人仮面Z,https://fc2cmadb.com/articles/4870877,yes
FC2-PPV-4869802,2026-03-27,【素人初撮り】ゆい(19) スタイルの良い百貨店店員の初撮影。アナル舐め中出しアナルも貫通ATMの別画角動画となります,,無,大人仮面Z,https://fc2cmadb.com/articles/4869802,yes
FC2-PPV-4867745,2026-03-22,【素人初撮り】すみれ(18)163cm47kgDcupで最高にかわいい。本当はダメらしいけど、結局メタボ中年のキスも中出しもアナル貫通も受け入れてしまう,,無,大人仮面Z,https://fc2cmadb.com/articles/4867745,yes
FC2-PPV-4864999,2026-03-16,【素人初撮り】ありさ(19)152cm25kgの超スレンダー美女に中出しとアナル貫通ATM。体重差65kgの中年男にやりたい放題されてしまう,,無,大人仮面Z,https://fc2cmadb.com/articles/4864999,yes
FC2-PPV-4857680,2026-03-02,【素人初撮り】えり(18) 素朴な素人のノーメイク撮影の別画角動画となります。中年男の欲望をなされるがまま無心で淡々と受け入れる,,無,大人仮面Z,https://fc2cmadb.com/articles/4857680,yes
FC2-PPV-4852331,2026-02-21,♯17-2 川口〇奈似のスレンダー美女　ロングアナルビーズ＆ピンポイントスティックバイブの同時刺激でクリ勃起本気汁ダダ洩れ　最後は生チンポ中出し種付け,,無,-俺の素人-,https://fc2cmadb.com/articles/4852331,yes
FC2-PPV-4852327,2026-02-21,♯17-1 川口〇奈似のスレンダー美女　ロングアナルビーズ＆ピンポイントスティックバイブの同時刺激でクリ勃起本気汁ダダ洩れ　最後は生チンポ中出し種付け,,無,-俺の素人-,https://fc2cmadb.com/articles/4852327,yes
FC2-PPV-4852318,2026-02-21,♯16 たぬき顔の色気ムンムンスケベお*さんをお持ち帰りバニーコスSEX,,無,-俺の素人-,https://fc2cmadb.com/articles/4852318,yes
FC2-PPV-4852010,2026-02-21,【素人初撮り】しお(20)153cm36kgのスレンダーコスプレイヤーの初撮影。中出ししてアナル貫通ATM。長時間のデンマ責めで連続イキして涎を垂らしながらガクガク震える,,無,大人仮面Z,https://fc2cmadb.com/articles/4852010,yes
FC2-PPV-4848780,2026-02-14,♯03-1 なこ 処女18才つるぺたAcup 140cm 「ちゅーしてくれたらおちんちん入るかも、、」ほぼ処女なのに中イキ連発してアニメ声で「気持ちいイ気持ちいィイッちゃうイッちゃうよぉ♡」,,無,-俺の素人-,https://fc2cmadb.com/articles/4848780,yes
FC2-PPV-4848293,2026-02-13,【素人初撮り】あすか(18) 黒髪ロングのかわいい素人。初めてメタボ中年とのエッチをがんばろうとしてえらい。でもアナル責めでだめになってしまう。それでももう一度挿入されて...,,無,大人仮面Z,https://fc2cmadb.com/articles/4848293,yes
FC2-PPV-4843128,2026-02-04,【素人初撮り】みらい(18) 知らぬは彼氏のみ 地方在住の彼氏持ちをNTR中出し・アナル貫通ATM・おもちゃ責め連続イカせの別画角動画となります,,無,大人仮面Z,https://fc2cmadb.com/articles/4843128,yes
FC2-PPV-4842763,2026-02-10,可愛過ぎるサンタクロースのご奉仕に堪らず中出し,,無,シロウトカメラ,https://fc2cmadb.com/articles/4842763,yes
FC2-PPV-4842380,2026-02-03,[超接写オマンコくっぱぁ～]魅力的なGカップ♡おっとり感あるイイオンナ続編❤ぱいぱんマンコおっぴろげエロポーズでくっぱぁ～ドアップ！清潔感あふれる綺麗なピンクラビア/超接写じっくり鑑賞！,,無,エロタウロス,https://fc2cmadb.com/articles/4842380,yes
FC2-PPV-4840896,2026-01-31,【素人初撮り】まお(20) かわいい理系2回生。何でもしますと失言してしまう。なので容赦せずアナル舐めさせたり、連続イキさせたり、アナル貫通ATMしたりしました,,無,大人仮面Z,https://fc2cmadb.com/articles/4840896,yes
FC2-PPV-4839574,2026-01-29,[超接写オマンコくっぱぁ～][4K]無邪気な細身色白18制服/スジマン❤狭マンコ♡アナルおっぴろげ!激くいこみハミ具ドアップ！綺麗なピンクラビア/超接写じっくり鑑賞！本編プレ付,,無,エロタウロス,https://fc2cmadb.com/articles/4839574,yes
FC2-PPV-4839342,2026-01-29,【素人初撮り】ゆい(19) スタイルの良い百貨店店員の初撮影。いきなりアナル舐めさせて中出し。アナルも貫通しATM。長時間のおもちゃ責めで連続イキ。,,無,大人仮面Z,https://fc2cmadb.com/articles/4839342,yes
FC2-PPV-4832584,2026-01-17,【素人初撮り】えり(18) これから垢抜けようとする発展途上素人のノーメイク撮影。フェラから口内に粘々中年精液を発射し飲ませたり、中出ししたり、アナル責めしたりしました。,,無,大人仮面Z,https://fc2cmadb.com/articles/4832584,yes
FC2-PPV-4832448,2026-01-20,【再編集版】可愛過ぎる女子大生と初めてのアナルセックスしちゃいました,,無,シロウトカメラ,https://fc2cmadb.com/articles/4832448,yes
FC2-PPV-4831983,2026-01-19,【無修正】おしり派集合！,,無,ヌコスプレ,https://fc2cmadb.com/articles/4831983,yes
FC2-PPV-4830694,2026-01-14,[超接写オマンコくっぱぁ～]極上天然Hカップ１８白スク水♡グラビア級ネ申乳❤おまんこアナルおっぴろげ!激くいこみハミビラアップ！ぷにマン/超接写じっくり鑑賞！本編プレ付,,無,エロタウロス,https://fc2cmadb.com/articles/4830694,yes
FC2-PPV-4829882,2026-01-11,【素人初撮り】しの(19) 絶叫して連続イキする田舎住みの素人へのアナル貫通ATMの別画角動画となります,,無,大人仮面Z,https://fc2cmadb.com/articles/4829882,yes
FC2-PPV-4823954,2026-01-05,可愛過ぎる女子大生と温泉旅行で中出し漬けにしました,,無,シロウトカメラ,https://fc2cmadb.com/articles/4823954,yes
FC2-PPV-4822944,2025-12-30,【素人初撮り】みらい(18) 地方在住の彼氏持ちをNTR中出し。アナルもがんばって交渉して貫通しATM。吸うやつ責めしながら、電マつかったらガクガクしていました。,,無,大人仮面Z,https://fc2cmadb.com/articles/4822944,yes
FC2-PPV-4818328,2025-12-23,【素人初撮り・本編顔出し】はな(18)クスコでの膣内撮影したりアナル貫通ATMしたりしました。吸うやつ責めして、電マを下腹部に押し込んだら連続イキしていました。,,無,大人仮面Z,https://fc2cmadb.com/articles/4818328,yes
FC2-PPV-4816199,2025-12-19,[超接写オマンコくっぱぁ～]Iカップ爆乳つるつるスジマン❤医療学.せ.い/美まんこアナルおっぴろげ!激くいこみハミ具ドアップ！清潔感あふれる綺麗なピンクラビア/超接写じっくり鑑賞！レビュ特典付,,無,エロタウロス,https://fc2cmadb.com/articles/4816199,yes
FC2-PPV-4816119,2025-12-18,【素人初撮り】もみじ(18) 敏感でかわいい素人の膣とアナルに中出しし。連続イキするまでの快感責めの別画角動画となります。,,無,大人仮面Z,https://fc2cmadb.com/articles/4816119,yes
FC2-PPV-4810298,2025-12-07,【素人初撮り】あいら(18) 174cm53kgの超モデル体型。超敏感体質な身体は膣内撮影中にクリトリスを刺激したらイってしまう。調子に乗ってアナル貫通ATMもしています。,,無,大人仮面Z,https://fc2cmadb.com/articles/4810298,yes
FC2-PPV-4809088,2025-12-05,【12/26迄990pt】【初撮】【アナル解放】退勤後上司との密会。感度抜群な敏感体質で連続イキ「アナルの方が好き...」生チンポでケツマンコを責めながら喘ぎまくり。ビクビクケツマンコに大量射精！,,無,素人Rendezvous,https://fc2cmadb.com/articles/4809088,yes
FC2-PPV-4808567,2025-12-05,[超接写オマンコくっぱぁ～]二子玉川×就活生×マン毛ボーボー天然陰毛♡美人なのにグロ膣！限界おっぴろげ!くいこみハミ具ドアップ！パイパン/綺麗な無色ラビア/超接写じっくり鑑賞！本編プレ付,,無,エロタウロス,https://fc2cmadb.com/articles/4808567,yes
FC2-PPV-4806202,2025-11-30,【素人初撮り】とも(18) かわいい教員のたまごの初撮影、アナル舐めさせてクスコで膣内観察して中出ししてアナル貫通ATMの別画角動画となります,,無,大人仮面Z,https://fc2cmadb.com/articles/4806202,yes
FC2-PPV-4804696,2025-11-28,[超接写オマンコくっぱぁ～][4K]最高Ｈカップ❤ロケット乳！エロアニメみたいな二次元ボディ♡美マンコアナルおっぴろげ!激くいこみハミ具ドアップ！美しいラビア/超接写じっくり鑑賞！本編プレ付,,無,エロタウロス,https://fc2cmadb.com/articles/4804696,yes
FC2-PPV-4800746,2025-11-21,[超接写オマンコくっぱぁ～][4K]ギャル系❤刺激を求めて初個撮♡小さくて狭い膣を限界おっぴろげ!くいこみハミ具ドアップ！パイパン/綺麗な無色ラビア/超接写じっくり鑑賞！本編プレ付,,無,エロタウロス,https://fc2cmadb.com/articles/4800746,yes
FC2-PPV-4799484,2025-11-18,【素人初撮り】しの(19) 山間部で見つけた都会にあこがれるなんでも受け入れる素人にやりたい放題。アナル貫通ATMして、吸うやつ入れっぱなし一時間したら出来上がり,,無,大人仮面Z,https://fc2cmadb.com/articles/4799484,yes
FC2-PPV-4798066,2025-11-15,【素人初撮り】さくら(18) フェラもしたことない可愛い素人の1回目撮影の別画角動画。緊張していたのに身体を触ったら即イキしてしまう。録画データを詰め込みました。,,無,大人仮面Z,https://fc2cmadb.com/articles/4798066,yes
FC2-PPV-4797227,2025-11-14,3日間！70OFF！【初撮り】【野外、アナルプレイ】愛嬌抜群なお嬢様はアナル好きの変態！？お外で初フェラ経験からのメスイキ性感アナルFU〇Kで両穴に大量中出し！！,,無,推しの素人,https://fc2cmadb.com/articles/4797227,yes
FC2-PPV-4793619,2025-11-09,【素人初撮り】もみじ(18) 153cm44kgBcupの敏感でかわいい素人。膣とアナルに中出しして、敏感な身体を連続イキするまで快感責めを続けたらよい声で喘ぎ続けていました,,無,大人仮面Z,https://fc2cmadb.com/articles/4793619,yes
FC2-PPV-4792544,2025-11-07,【素人初撮り・本編顔出し】あかり(19)　アナル舐めさせて膣とアナルの内部撮影しアナル貫通の別画角動画となります,,無,大人仮面Z,https://fc2cmadb.com/articles/4792544,yes
FC2-PPV-4792518,2025-11-07,[超接写オマンコくっぱぁ～][4K]初心な美白肌❤男心に突き刺さる可愛い笑顔とプリッ尻！雪のような白肌♡小さな膣おっぴろげ!くいこみハミ具ドアップ！薄陰毛/美しいラビア/超接写じっくり鑑賞！本編プレ付,,無,エロタウロス,https://fc2cmadb.com/articles/4792518,yes
FC2-PPV-4789158,2025-10-31,【素人初撮り】みさき(20) Dカップいっぱいの巨大な乳輪。接写したりノギスで計測したり！潔癖なお口に唾を大量に垂らして、アナルを貫通し中出ししました,,無,大人仮面Z,https://fc2cmadb.com/articles/4789158,yes
FC2-PPV-4787847,2025-10-29,[超接写オマンコくっぱぁ～][4K]魅力的なGカップ♡サイコーのおっぱい！スレンダーな体型❤美マンコおっぴろげパンティ激くいこみハミ具ドアップ！清潔感あふれる綺麗なピンクラビア/超接写じっくり鑑賞！,,無,エロタウロス,https://fc2cmadb.com/articles/4787847,yes
FC2-PPV-4784886,2025-10-21,【素人初撮り】のどか(18)超敏感スレンダーに乳首責め。アナルも貫通した動画の別画角となります。,,無,大人仮面Z,https://fc2cmadb.com/articles/4784886,yes
FC2-PPV-4784492,2025-10-22,[超接写オマンコくっぱぁ～][4K]田舎育ちおっとりちゃん❤色白ボディを真っ赤に染めて清純まんこ＆アナルおっぴろげ!ドアップ！恥ずかしながらくぱぁ♡薄ピンクラビア/超接写じっくり鑑賞！FHD本編プレ付,,無,エロタウロス,https://fc2cmadb.com/articles/4784492,yes
FC2-PPV-4783157,2025-10-19,【素人初撮り】とも(18) かわいい教員のたまご。出演して大丈夫なのだろうかと思いつつ撮影。アナル舐めさせてクスコで膣内観察して中出ししてアナル貫通ATMしました。,,無,大人仮面Z,https://fc2cmadb.com/articles/4783157,yes
FC2-PPV-4777960,2025-10-10,【素人初撮り】さくら(18) フェラもしたことない可愛い素人。口をあけさせて中年の唾液を飲ませる。膣内撮影し初中出し。アナルもかわいかったので貫通し中出ししました。,,無,大人仮面Z,https://fc2cmadb.com/articles/4777960,yes
FC2-PPV-4777126,2025-10-15,[超接写オマンコくっぱぁ～][4K]美意識高め清楚系ハーフJDベランダ露出！まんこアナル全開おっぴろげドアップ！ビキニ水着くい込みハミ具オナニー/ピンクラヴィア/超接写じっくり鑑賞！FHD本編プレ付,,無,エロタウロス,https://fc2cmadb.com/articles/4777126,yes
FC2-PPV-4776881,2025-10-08,[超接写オマンコくっぱぁ～][4K]巨乳歯科助手❤むちむちG乳ボディの超～美まんこおっぴろげ!くいこみハミ具ドアップ！つるつる/ピンクで薄いラビア/超接写じっくり鑑賞！本編プレ付,,無,エロタウロス,https://fc2cmadb.com/articles/4776881,yes
FC2-PPV-4775294,2025-10-04,【素人初撮り・本編顔出し】あかり(19) 田舎住みのファミレスバイト。膣とアナルの内部撮影と中出し。吸うやつ入れたままおっぱい責め。アナルは貫通してそのまま寝バックで責めていきました。,,無,大人仮面Z,https://fc2cmadb.com/articles/4775294,yes
FC2-PPV-4774509,2025-10-03,♡10/13日迄半額【無・完全素人】素人なのにファン急増！すごく綺麗で可愛いOLさんなので、おじさんはすぐハメ！すばらしいスタイルをじっくりねっとり75分お楽しみ下さい。,,無,エロスエ リョーコ。,https://fc2cmadb.com/articles/4774509,yes
FC2-PPV-4772346,2025-09-28,【素人初撮り】うた(18) 美人で清楚で敏感な素人の別画角動画。最初はきれいだったのに、膣と口を精液だらけにされ顔面騎乗されアナル貫通ATMまでされてぐちゃぐちゃになってしまう一部始終,,無,大人仮面Z,https://fc2cmadb.com/articles/4772346,yes
FC2-PPV-4770684,2025-09-26,世界一エロすぎる幼稚園の先生をア●ル調教。トレーニングウェア姿で準備運動。電マでびしょ濡れ絶叫潮吹き！人生初のア●ル調教でア●ルアクメ！淫乱な膣奥に大量孕ませ中出し！,,無,Erotter Queen D,https://fc2cmadb.com/articles/4770684,yes
FC2-PPV-4770652,2025-09-26,【素人初撮り】ここな(18)かわいいギャルのアナルを舐め、膣内撮影、中出し、アナル内撮影、アナル貫通ATMの別画角動画です,,無,大人仮面Z,https://fc2cmadb.com/articles/4770652,yes
FC2-PPV-4769509,2025-09-25,[超接写オマンコくっぱぁ～][4K]清楚系美人JD❤お淑やかなビジュに色白美肌の美まんこおっぴろげ!くいこみドアップ！天然陰毛/色素ある薄いラビア/超接写じっくり鑑賞！本編プレ付,,無,エロタウロス,https://fc2cmadb.com/articles/4769509,yes
FC2-PPV-4768132,2025-09-22,可愛過ぎる女子大生とアナルセックスしちゃいました,,無,シロウトカメラ,https://fc2cmadb.com/articles/4768132,yes
FC2-PPV-4766956,2025-09-20,【素人初撮り】のどか(18)160cm43kgDカップの高嶺の花。乳首が超敏感だったので乳首中心で責めていきました。おもちゃ責めされている姿がかわいかったので、中年の脱ぎたてパンツを顔にかぶせたりして,,無,大人仮面Z,https://fc2cmadb.com/articles/4766956,yes
FC2-PPV-4762278,2025-09-18,[超接写オマンコくっぱぁ～][4K]エロ過ぎる美巨尻❤愛嬌あふれるかわいい系153cm小柄美乳Dカップ♡小さな膣おっぴろげ!激くいこみハミ具ドアップ！天然陰毛/薄いラビア/超接写じっくり鑑賞！本編プレ,,無,エロタウロス,https://fc2cmadb.com/articles/4762278,yes
FC2-PPV-4759434,2025-09-11,【素人初撮り】うた(18) 美人で清楚で敏感な素人。クリ責めしたらトロトロ愛液を垂らしてしまう。その後、吸うやつ責めして、アナル貫通ATMもしました。,,無,大人仮面Z,https://fc2cmadb.com/articles/4759434,yes
FC2-PPV-4756599,2025-09-08,[超接写オマンコくっぱぁ～][4K]≪某大手企業役員の箱入りお嬢さま≫優し気に囁き吐息混じりに語りかけながらマンコくぱぁ♡まんぐりポーズでアナルおっぴろげ！ピンクラビア/超接写じっくり鑑賞！本編プレ付,,無,エロタウロス,https://fc2cmadb.com/articles/4756599,yes
FC2-PPV-4756181,2025-09-07,ここあ(19)可愛い敏感な普通の素人。野菜責めしたり、まんぐりがえしで潮吹きさせたり、アナル挿入ATMしたりした動画の別画角となります。,,無,大人仮面Z,https://fc2cmadb.com/articles/4756181,yes
FC2-PPV-4753991,2025-09-02,【素人初撮り】ここな(18)かわいいギャル。猛暑日で汗だくになって蒸れた中年アナルを舐めさせて、膣内撮影して中出し。アナル貫通ATMもしてわからせる,,無,大人仮面Z,https://fc2cmadb.com/articles/4753991,yes
FC2-PPV-4751577,2025-08-29,[超接写オマンコくっぱぁ～][4K]爆乳Ｈカップ❤美巨乳ぷるるん♡純真！小柄むちむち激狭膣！スジマンアナルおっぴろげ!激くいこみハミ具ドアップ！天然陰毛/薄いラビア/超接写じっくり鑑賞！本編プレ付,,無,エロタウロス,https://fc2cmadb.com/articles/4751577,yes
FC2-PPV-4747813,2025-08-22,[超接写オマンコくっぱぁ～][4K]激カワ！Fカップ美巨乳エロボディ❤無毛もりまん♡美マンコアナルおっぴろげ!激くいこみハミ具ドアップ！超スジマン使用感のないラビア/超接写じっくり鑑賞！本編プレ付,,無,エロタウロス,https://fc2cmadb.com/articles/4747813,yes
FC2-PPV-4743489,2025-08-14,[超接写オマンコくっぱぁ～][4K]激カワ！最高のＨカップ美巨乳❤アニメみたいな二次元ボディ♡美マンコアナルおっぴろげ!激くいこみハミ具ドアップ！美しいラビア/超接写じっくり鑑賞！本編プレ付,,無,エロタウロス,https://fc2cmadb.com/articles/4743489,yes
FC2-PPV-4741734,2025-08-10,ななみ(19) ※本編顔出し　中年のアナルや足を舐めさせたり、かわいいアナルに試験管を入れて内部撮影したり、膣に野菜を入れたり、小説を朗読させながらおもちゃ責めしたりしました,,無,大人仮面Z,https://fc2cmadb.com/articles/4741734,yes
FC2-PPV-4740623,2025-08-07,[超接写オマンコくっぱぁ～][4K]卒業したておまんこ1.8❤極狭マンコ♡アナルおっぴろげ!激くいこみハミ具ドアップ！綺麗なラビア/超接写じっくり鑑賞！本編プレ付,,無,エロタウロス,https://fc2cmadb.com/articles/4740623,yes
FC2-PPV-4738195,2025-08-03,ここあ(19) クスコで中出し後の精液をすくってお口に入れたり、まんぐりがえしでおもちゃ責めしたらクジラみたいに潮吹きしていました。,,無,大人仮面Z,https://fc2cmadb.com/articles/4738195,yes
FC2-PPV-4734532,2025-07-27,ななみ(19)4回目撮影でついに顔出しした動画の別画角となります。おもちゃ入れっぱなしのシーンは2画角収録しています。,,無,大人仮面Z,https://fc2cmadb.com/articles/4734532,yes
FC2-PPV-4732065,2025-07-24,[超接写オマンコくっぱぁ～][4K]卒業したて①/⑧無邪気な細身色白*/スジマン❤狭マンコ♡アナルおっぴろげ!激くいこみハミ具ドアップ！ほぼ未使用の綺麗なピンクラビア/膣なら有/超接写じっくり鑑賞！本,,無,エロタウロス,https://fc2cmadb.com/articles/4732065,yes
FC2-PPV-4724890,2025-07-17,[超接写オマンコくっぱぁ～][4K]高身長スレンダー美女♡Ｅカップ元ミスコン経験者高学歴ＯＬ！おまんこアナルおっぴろげ!くいこみハミマン肉グイックリちゃんどアップ/超接写じっくり鑑賞！本編プレ付,,無,エロタウロス,https://fc2cmadb.com/articles/4724890,yes
FC2-PPV-4721615,2025-07-09,7/19日迄半額！【無/ハメ】真面目そうで可愛らしいお肌も綺麗なOLさん風の女性がまた来店してくれました。本当に魅力的なヒップなので力が入ってしまいます。,,無,マッサージが好きです AROMA CLUB,https://fc2cmadb.com/articles/4721615,yes
FC2-PPV-4721415,2025-07-09,【初撮り】日本在住の美人外国人人妻にグラビア撮影のついでに中出ししちゃいました【無】,,無,シロウトカメラ,https://fc2cmadb.com/articles/4721415,yes
FC2-PPV-4720764,2025-07-07,[超接写オマンコくっぱぁ～][4K]Ｆカップ♡同僚もお客も釘付け美巨乳ＯＬ！入社①ヶ月フレッシュおまんこアナルおっぴろげ!くいこみハミマン肉グイッマンスジどアップ/超接写じっくり鑑賞！本編プレ付,,無,エロタウロス,https://fc2cmadb.com/articles/4720764,yes
FC2-PPV-4720134,2025-08-13,[数量＆期間限定 4000PT ⇒ 800PT]本物読者モデルとロケのついでにハメまくっちゃいました[超お得パック],,無,IMEDAMAFC2,https://fc2cmadb.com/articles/4720134,yes
FC2-PPV-4719990,2025-07-05,#26 日本人美人女子大生とホテルで生ハメ中出し│GLASSY'S,,無,GLASSY'S,https://fc2cmadb.com/articles/4719990,yes
FC2-PPV-4717645,2025-07-02,[超接写オマンコくっぱぁ～][4K]童顔Ｅカップ即おまんこアナルおっぴろげ!くいこみハミ具ドアップ！天然マン毛/脱いだらすごい健康的美巨乳/超接写じっくり鑑賞！本編プレ付,,無,エロタウロス,https://fc2cmadb.com/articles/4717645,yes
FC2-PPV-4716749,2025-06-29,【素人初撮り】まなみ(18)158cm45kgCカップのスレンダーちっぱいの別画角動画となります。当初NGといわれていたことも、ぐいぐい攻め込んで、中出し、膣内撮影、イラマ、おもちゃ責め、アナル貫通A,,無,大人仮面Z,https://fc2cmadb.com/articles/4716749,yes
FC2-PPV-4715577,2025-06-27,第1写真集、黒髪ボブ美女、田代ちゃんの制服コスプレ、オールヌード、レビュー特典で、無修正ZIP,,無,ひらめき無無剣,https://fc2cmadb.com/articles/4715577,yes
FC2-PPV-4715130,2025-06-27,[超接写オマンコくっぱぁ～][4K]Ｆカップ♡同僚もお客も釘付け美巨乳ＯＬ！入社①ヶ月フレッシュおまんこアナルおっぴろげ!くいこみハミマン肉グイッマンスジどアップ/超接写じっくり鑑賞！本編プレ付,,無,エロタウロス,https://fc2cmadb.com/articles/4715130,yes
FC2-PPV-4714987,2025-06-26,ななみ(19)160cm44kgついに顔出し可愛いです。クスコで開いてクリ責めしてピクピクする膣を観察し、長時間のおもちゃ責めしてアナル中出ししました。,,無,大人仮面Z,https://fc2cmadb.com/articles/4714987,yes
FC2-PPV-4712188,2025-06-19,【素人初撮り】じゅり(18) 162cm44kgモデル体型スレンダーちっぱいAcupのアナル貫通ATM。敏感な身体を吸うやつ入れて放置したり、バイブで責めて連続イキさせた挙句、初アナルを貫通中出ししA,,無,大人仮面Z,https://fc2cmadb.com/articles/4712188,yes
FC2-PPV-4707343,2025-06-20,[超接写オマンコくっぱぁ～][4K]眼鏡J/系、Ｅカップ乳１.８♡大人しくて真面目そうなメガネっ子！おまんこアナルおっぴろげ!くいこみハミ具ドアップ！ジョリジョリマン毛/超接写じっくり鑑賞！本編プレ付,,無,エロタウロス,https://fc2cmadb.com/articles/4707343,yes
FC2-PPV-4706424,2025-06-14,【素人初撮り】せりな(18) 流されやすいギャルだったので、クスコで開いて内視鏡撮影して膣に中出ししてアナル貫通ATMしてしまいました。,,無,大人仮面Z,https://fc2cmadb.com/articles/4706424,yes
FC2-PPV-4704597,2025-06-12,[超接写オマンコくっぱぁ～][4K]天然Fカップ♡ボーボーまん毛ピンク色のおまんこ♡膣口狭いマンコアナルおっぴろげドアップ！スジマン/小陰唇薄いピンク色/超接写じっくり鑑賞！本編プレ付,,無,エロタウロス,https://fc2cmadb.com/articles/4704597,yes
FC2-PPV-4698290,2025-05-31,【素人初撮り】まなみ(18)158cm45kgCカップのスレンダーちっぱい。かわいいのになぜか撮影に応じてくれました。結局中出し、イラマ、おもちゃ責め、アナル貫通ATMをしました。,,無,大人仮面Z,https://fc2cmadb.com/articles/4698290,yes
FC2-PPV-4690304,2025-05-21,【素人初撮り】ひな(18) 押しに弱いかわいいこの着衣イラマ口中射精、中出し、おもちゃでの連続イキ、アナル貫通ATM動画の別画角動画となります。,,無,大人仮面Z,https://fc2cmadb.com/articles/4690304,yes
FC2-PPV-4689198,2025-05-21,[超接写オマンコくっぱぁ～][4K]極上天然Ｇカップ乳♡モデル顔負けのスレンダーボディ美巨乳ぷるんぷるん❤美マンコアナルおっぴろげドアップ！スジマン/超接写じっくり鑑賞！本編プレ付,,無,エロタウロス,https://fc2cmadb.com/articles/4689198,yes
FC2-PPV-4687039,2025-05-15,♡5/25迄半額【無・完全素人】タレント志望だった某・百貨店販売員23歳、初仮面でハメハメ！,,無,エロスエ リョーコ。,https://fc2cmadb.com/articles/4687039,yes
FC2-PPV-4685250,2025-05-13,[超接写オマンコくっぱぁ～][4K]１.８♡色白黒髪ロングの優等生。・家の事情ですべすべお肌色白ピンクまんこアナルおっぴろげ!激くいこみハミ具ドアップ！ピンクラビア/超接写じっくり鑑賞！本編プレ付　,,無,エロタウロス,https://fc2cmadb.com/articles/4685250,yes
FC2-PPV-4684829,2025-05-12,【素人初撮り】はる(19) 158cm45kgのかわいいスレンダーの小説を朗読させながらおもちゃ責めしてアナル貫通ATMの別画角動画となります,,無,大人仮面Z,https://fc2cmadb.com/articles/4684829,yes
FC2-PPV-4680424,2025-05-05,ななみ(18) 敏感な色白でかわいい。頑張って交渉してついに中出し解禁。調子に乗ってアナルにローターを突っ込んだまま中出しして、そのままアナル責めしてATMしました。,,無,大人仮面Z,https://fc2cmadb.com/articles/4680424,yes
FC2-PPV-4678357,2025-05-02,【無修正ｘ個人撮影】「おちんちんがいっぱ～い！」桜ちゃんが過激アナル4P！空中ファックされてたり、お口とアナルとオマンコ同時挿入で絶頂白目イキｗ,,無,Kerberos,https://fc2cmadb.com/articles/4678357,yes
FC2-PPV-4677343,2025-04-30,[超接写オマンコくっぱぁ～][4K]極上天然Hカップ乳１.８♡ハリとボリューム感を兼ね備えた美しい曲線を描く乳房❤アナルおっぴろげ!激くいこみハミ具ドアップ！スジマン/超接写じっくり鑑賞！本編プレ付,,無,エロタウロス,https://fc2cmadb.com/articles/4677343,yes
FC2-PPV-4676840,2025-04-29,【素人初撮り】ななみ(18) 敏感な身体への長時間責め連続イキの別画角動画となります。まんぐりがえしでの吸うやつ責めの正面からの動画を収録しています。,,無,大人仮面Z,https://fc2cmadb.com/articles/4676840,yes
FC2-PPV-4675240,2025-04-26,【素人初撮り】ここあ(18) 経験人数１名のかわいい素人。初めておもちゃを使ったら秒で潮吹きしちゃいました。そのまま膣に生中出しし、アナルも貫通してATMしました。,,無,大人仮面Z,https://fc2cmadb.com/articles/4675240,yes
FC2-PPV-4673533,2025-04-24,むぎ(18) かわいいちっぱいの３回目撮影時の別画角動画です。くすぐりして中出しして立ったまま吸うやつ責めしてアナルに中出ししてATMしています。,,無,大人仮面Z,https://fc2cmadb.com/articles/4673533,yes
FC2-PPV-4673385,2025-04-23,[超接写オマンコくっぱぁ～][4K]圧倒的透明感乃〇坂系❤正統派清純顔してビラビラデカすぎ～ムササビラビア＆アナルおっぴろげ!ハミ具ドアップ！色素薄めの極上さくら色ピンク/超接写じっくり鑑賞！本編プレ,,無,エロタウロス,https://fc2cmadb.com/articles/4673385,yes
FC2-PPV-4671205,2025-04-18,【素人初撮り】ひな(18) 押しに弱いかわいいこにやりたい放題。着衣のままフェラからイラマして口中射精。膣にも中出し。連続イキするまでの長時間のおもちゃ責めをしてアナル貫通ATMもしました。,,無,大人仮面Z,https://fc2cmadb.com/articles/4671205,yes
FC2-PPV-4667364,2025-04-11,【素人初撮り】そら(18) 敏感な身体を責め続け初アナルしたら感じてしまった記録の蔵出し別画角動画を公開します,,無,大人仮面Z,https://fc2cmadb.com/articles/4667364,yes
FC2-PPV-4666026,2025-04-09,[超接写オマンコくっぱぁ～][4K]≪某航空会社の美人キャビンアテンダント≫[完全顔出し]卑猥なポーズでまんこアナルおっぴろげ!ドアップ！くぱぁ♡永久保存版！肉厚ラビア/無毛/超接写じっくり鑑賞！,,無,エロタウロス,https://fc2cmadb.com/articles/4666026,yes
FC2-PPV-4664791,2025-04-06,【素人初撮り】ななみ(18) 可愛いのに敏感な身体なので長時間玩具やローションで全身がガクガクになるまで責め続けたら連続イキ。イキ声は必聴です。アナルも貫通してATMもしています。,,無,大人仮面Z,https://fc2cmadb.com/articles/4664791,yes
FC2-PPV-4661219,2025-03-30,【素人初撮り】はる(19) 158cm45kgでスレンダーでかわいいのに何でも言うことを聞いてくれるので調子に乗って中出しし、小説を朗読させながらおもちゃ責めしてアナル貫通し最後はATMしました。,,無,大人仮面Z,https://fc2cmadb.com/articles/4661219,yes
FC2-PPV-4660749,2025-03-29,18歳で笑顔きらめく淫乱早漏潮吹きちゃんにご奉仕させてみた！ジェット潮吹き連発でベッド崩壊寸前！ドスケベ名器な膣奥に孕ませ中出し3連発！特典:絶品ローリングフェラで4発目大量搾り取り！,,無,Erotter Queen D,https://fc2cmadb.com/articles/4660749,yes
FC2-PPV-4660728,2025-03-29,18歳でアニメの声優として頑張る小柄ちゃん。笑顔きらめく姿から快感責めにのめり込む姿を堪能してください！超絶スプラッシュ！オモチャ責めから濃厚2連続中出し！特典:笑顔でごっくんディープフェラ！,,無,Erotter Queen D,https://fc2cmadb.com/articles/4660728,yes
FC2-PPV-4659255,2025-03-26,[超接写オマンコくっぱぁ～][4K]天然Iカップ医療ガク.せ.い❤色白爆乳つるつるスジマン/アナルおっぴろげ!激くいこみハミ具ドアップ！清潔感あふれる綺麗なピンクラビア/超接写じっくり鑑賞！本編プレ付,,無,エロタウロス,https://fc2cmadb.com/articles/4659255,yes
FC2-PPV-4658299,2025-03-25,あさひ(18) スレンダーちっぱいの2回目撮影時の別画角動画。まんぐりがえしでの吸うやつ責めでイキ続けた場面を２画角、アナル貫通ATMを収録しています。,,無,大人仮面Z,https://fc2cmadb.com/articles/4658299,yes
FC2-PPV-4656566,2025-03-21,【素人初撮り】きら(18)152cm38kg。はじめておもちゃでクリ責めしたら、ビクビクして膣から愛液をぶくぶく流していしまう。その後、吸うやつ責めを40分してアナル貫通ATMしてイラマしま,,無,大人仮面Z,https://fc2cmadb.com/articles/4656566,yes
FC2-PPV-4656375,2025-03-21,【無修正ｘ個人撮影】3Pでアナル初体験の男性のアナル童貞まで卒業させちゃうスタイル抜群アラフィフ人妻！旦那に内緒で大好きな他人棒を咥えながら激しくパコられる,,無,Kerberos,https://fc2cmadb.com/articles/4656375,yes
FC2-PPV-4656261,2025-03-20,♡3/30迄半額【無・完全素人】超美人・百貨店販売員は、おじさんの言いなりにいじられ、舐められ、おもちゃで遊ばれ、カチンカチンの太マラをしゃぶらされ、ズボズボされていやらしい声と悩ましい目で感じます。,,無,エロスエ リョーコ。,https://fc2cmadb.com/articles/4656261,yes
FC2-PPV-4655414,2025-03-22,[超接写オマンコくっぱぁ～][4K]Fcup色白美巨乳女天然陰毛❤アナルおっぴろげ!激くいこみハミ具ドアップ！ほぼ未使用の綺麗なピンクラビア/膣なら有/超接写じっくり鑑賞！本編プレ付,,無,エロタウロス,https://fc2cmadb.com/articles/4655414,yes
FC2-PPV-4648384,2025-03-12,むぎ(18) かわいいちっぱいに中出しして、立ったまま吸うやつをいれたり、アナルを重点的に責めてアナル中出ししてATMしました。,,無,大人仮面Z,https://fc2cmadb.com/articles/4648384,yes
FC2-PPV-4647959,2025-03-12,[超接写オマンコくっぱぁ～][4K]無邪気な細身色白おぼこい*１.８/スジマン❤狭マンコ♡アナルおっぴろげ!激くいこみハミ具ドアップ！ほぼ未使用の綺麗なピンクラビア/膣なら有/超接写じっくり鑑賞！本編,,無,エロタウロス,https://fc2cmadb.com/articles/4647959,yes
FC2-PPV-4647804,2025-03-12,#13 **日本人美女に生ハメ中出し│GLASSY'S,,無,GLASSY'S,https://fc2cmadb.com/articles/4647804,yes
FC2-PPV-4637147,2025-03-01,【素人初撮り】あさひ(18) スレンダーちっぱいの初撮影で中出し、剃毛とアナル貫通動画の別画角動画となります。,,無,大人仮面Z,https://fc2cmadb.com/articles/4637147,yes
FC2-PPV-4636518,2025-02-27,【無修正ｘ個人撮影】スタイル抜群アラフィフ人妻が童貞筆おろし！アナル童貞、中出し童貞まで一気に3つの童貞を卒業させる！痴女が童貞に中出しされちゃいましたｗ,,無,Kerberos,https://fc2cmadb.com/articles/4636518,yes
FC2-PPV-4635890,2025-02-26,[超接写オマンコくっぱぁ～][4K]ツインテで再登場！まんこ＆アナルおっぴろげ!ドアップ！恥ずかしながらくぱぁ♡薄ピンクラビア/超接写じっくり鑑賞！FHD本編プレ付,,無,エロタウロス,https://fc2cmadb.com/articles/4635890,yes
FC2-PPV-4633963,2025-02-23,はづき(18)高身長スレンダーちっぱいに、立ったままやまんぐりがえしにして、吸うやつを入れて放置したり、アナル貫通、イラマなどをして、そのまま中出ししました。,,無,大人仮面Z,https://fc2cmadb.com/articles/4633963,yes
FC2-PPV-4628278,2025-02-15,【素人初撮り】りく(18) 乳輪が大きくてかわいいFカップ。クスコで開いて内視鏡で観察したり、中出ししてまんぐりがえしで吸うやつ責めしてアナル貫通ATM（お掃除フェラ）してもらいました,,無,大人仮面Z,https://fc2cmadb.com/articles/4628278,yes
FC2-PPV-4626127,2025-02-12,[超接写オマンコくっぱぁ～][4K]≪某大手企業役員の箱入りむ.す/め.≫超敏感体質で何度も潮吹き！マンコ♡アナルおっぴろげ激くいこみハミ具ドアップ！ピンクラビア/超接写じっくり鑑賞！本編プレ付,,無,エロタウロス,https://fc2cmadb.com/articles/4626127,yes
FC2-PPV-4621758,2025-02-07,【無修正ｘ個人撮影】詐欺画像のレンタル彼女が二穴挿入で悶絶3P！アナル需要のため、再び採用ｗ垂れたデカパイをを使いながらパイズリフェラまでやってくれましたｗ,,無,Kerberos,https://fc2cmadb.com/articles/4621758,yes
FC2-PPV-4616452,2025-01-30,[超接写オマンコくっぱぁ～][4K]2025年アナウンサー試験を控えるGカップ有名大〇生。極上BODY3年♡マンコアナルおっぴろげハミ具ドアップ！使用感のないピンクラビア/超接写じっくり鑑賞！プレ有,,無,エロタウロス,https://fc2cmadb.com/articles/4616452,yes
FC2-PPV-4616398,2025-01-29,【素人初撮り】むぎ(18) かわいいちっぱいがおもちゃでイかされ、中出しされ、アナルを貫通される一部始終を別画角動画として作成しました,,無,大人仮面Z,https://fc2cmadb.com/articles/4616398,yes
FC2-PPV-4615397,2025-01-27,※2/9迄半額【無/本編ムフフ】最初戸惑い気味だった揉み応えのあるガッチリ体躯レディがエロマッサージの猛攻にバンザーイして降伏！？そのままＳＰマッサージでイキまくりっ！,,無,マッサージが好きです AROMA CLUB,https://fc2cmadb.com/articles/4615397,yes
FC2-PPV-4613616,2025-01-24,【素人初撮り】このは(18)透明感がありかわいいゲーム好き四大生の別画角動画。アナル貫通ATM、イラマ、中出しと本編未収録のシーンを追加しています,,無,大人仮面Z,https://fc2cmadb.com/articles/4613616,yes
FC2-PPV-4609450,2025-01-19,【素人初撮り】りり(18)秋葉原に居そうなかわいいツインテがいましたので、アナル貫通ATMや中出しやイラマなど長時間責めしたら出来上がりました,,無,大人仮面Z,https://fc2cmadb.com/articles/4609450,yes
FC2-PPV-4608119,2025-01-17,【無修正ｘ個人撮影】詐欺でしょ！レンタル彼女をお願いしたら全然画像と違うコが来た…「なんでもしますから…アナルも…」と言われて撮影したらGカップの巨乳ですごかった！,,無,Kerberos,https://fc2cmadb.com/articles/4608119,yes
FC2-PPV-4608005,2025-01-16,[超接写オマンコくっぱぁ～][4K]天然ボーボーが断然エロい♡未処理で荒野状態のジャングル陰毛掻き分けマンコアナルおっぴろげハミ具ドアップ！使用感のない薄ピンクラビア/超接写じっくり鑑賞！FHDプレ付,,無,エロタウロス,https://fc2cmadb.com/articles/4608005,yes
FC2-PPV-4602961,2025-01-10,【初回限定2980⇒1490】ク●生意気で調子に乗ったギャルが30分で5回痙攣！ケツ穴丸見えドМマ●コにわからせ中出し！ナメたプライドをズタズタにへし折る♥【無修正】,,無,まるきゅう商事,https://fc2cmadb.com/articles/4602961,yes
FC2-PPV-4595451,2024-12-26,♡1/7迄半額【無修正・完全素人】５２歳フツーの奥さんがＳＥＸしたさにダイエット成功し妖艶美熟女度がＵＰ⤴日常を忘れ舌を絡めて濃厚交尾！尻穴弄られながら極太マラで激ピスされアエギまくって中出し懇願！！,,無,エロスエ リョーコ。,https://fc2cmadb.com/articles/4595451,yes
FC2-PPV-4593886,2024-12-26,初撮り※3P アナルとマ●コの2穴同時挿入で悶絶イキ！マ●コとアナルどっちも精子まみれ【無】,,無,素人Rendezvous,https://fc2cmadb.com/articles/4593886,yes
FC2-PPV-4593848,2024-12-23,【素人初撮り】むぎ(18) 155cm46kgAcupのかわいいちっぱい。最初は緊張していましたがくすぐったり中出ししたりアナル貫通したりしたら徐々にイキ初めて、最後は連続イキしいていました,,無,大人仮面Z,https://fc2cmadb.com/articles/4593848,yes
FC2-PPV-4591422,2024-12-18,[超接写オマンコくっぱぁ～][4K]諸事情で。。。細身Cカップ・ラブホつれこみ♡マンコアナルおっぴろげ!パンズラ激くいこみハミ具ドアップ！使用感のないピンクラビア/超接写じっくり鑑賞！FHD本編プレ付,,無,エロタウロス,https://fc2cmadb.com/articles/4591422,yes
FC2-PPV-4590630,2024-12-16,あさひ(18)4回目撮影 可愛いスレンダーちっぱいに変たいのクリスマス。女体ケーキにしたまま、生クリームを塗ったちん〇でイラマました。その後、アナル生姜責めしたりしました。,,無,大人仮面Z,https://fc2cmadb.com/articles/4590630,yes
FC2-PPV-4589910,2024-12-14,りょう(23)　6回目　アナル貫通編の別視点動画。メイドコスでのオナニーと膣中出し。アナル貫通の様子を俯瞰画角で鑑賞,,無,大人仮面Z,https://fc2cmadb.com/articles/4589910,yes
FC2-PPV-4588359,2024-12-12,♡12/22迄半額【無修正・完全素人】経験人数１人！美巨乳ＪＤの未開発なボディに制服着せて中年男が弄り舐め回しむさぼり尽くす！うぶマンをビンビンの極太マラで掻き回し可愛らしく喘ぐＪＤを存分に堪能！,,無,エロスエ リョーコ。,https://fc2cmadb.com/articles/4588359,yes
FC2-PPV-4585135,2024-12-07,【素人初撮り】ひかり(18) 157/45の田舎育ちのなにもわからない純朴な素人は脱がすとエッチなからだをしていたので、膣に中出ししてアナルも貫通しました。,,無,大人仮面Z,https://fc2cmadb.com/articles/4585135,yes
FC2-PPV-4584592,2024-12-06,【素人初撮り】ひかり(18) 157/45の田舎育ちのなにもわからない純朴な素人は脱がすとエッチなからだをしていたので、膣に中出ししてアナルも貫通しました。,,無,大人仮面Z,https://fc2cmadb.com/articles/4584592,yes
FC2-PPV-4582784,2024-12-03,CP0319 か細い声がちんぽに響く大人しいけどドスケベ癒やし美女の敏感まんこに濃厚中出し♥クスコ♥鬼接写♥超高画質,,無,かじゅあるぺにす,https://fc2cmadb.com/articles/4582784,yes
FC2-PPV-4580671,2024-11-29,あさひ(18)3回目。背徳的なスレンダー美人。吸うやつ責めをしたら50分イキ続けていました。その後アナルに中出しし、ATMしました。,,無,大人仮面Z,https://fc2cmadb.com/articles/4580671,yes
FC2-PPV-4578451,2024-11-24,【素人初撮り】あい(19) なんでも言うことをきくので、イラマしながら低周波治療器責めしたり、アナル貫通ATMしたりしました。,,無,大人仮面Z,https://fc2cmadb.com/articles/4578451,yes
FC2-PPV-4577295,2024-11-21,♡12/2迄半額【無修正・完全素人】中出し上等！恋愛下手で３年彼氏ナシだけどエロ電波ビンビン！メイドカフェで働く可愛くてＨ大好きな●リ顔ド素人嬢（ちっぱい）がマン汁垂れ流して極太マラを大歓迎イキっ！,,無,エロスエ リョーコ。,https://fc2cmadb.com/articles/4577295,yes
FC2-PPV-4576781,2024-11-21,[超接写オマンコくっぱぁ～][4K]華奢なFパイちゃん、素朴な**マンコ♡アナルおっぴろげ!パンズラ激くいこみハミ具ドアップ！使用感のない薄ピンクラビア/超接写じっくり鑑賞！FHD本編プレ付,,無,エロタウロス,https://fc2cmadb.com/articles/4576781,yes
FC2-PPV-4575136,2024-11-17,あさひ(18) 2回目 感じやすいスレンダー素人をくすぐったり、まんぐりがえしで吸うやつ責めしたり、乳首責めしたりして、最後はアナルATMしました,,無,大人仮面Z,https://fc2cmadb.com/articles/4575136,yes
FC2-PPV-4570556,2024-11-10,【素人初撮り】うゆ(18)ツートンカラーがかわいいスレンダー。街で見かけたら目で追ってしまう存在感。なぜかわかりませんがアナル貫通撮影に応じてくれました,,無,大人仮面Z,https://fc2cmadb.com/articles/4570556,yes
FC2-PPV-4568456,2024-11-06,[超接写オマンコくっぱぁ～][4K]≪某大手航空会社の美人CA≫制服脱ぎ捨て完全顔出し！まんこアナルおっぴろげ!ドアップ！くぱぁ♡永久保存版です！肉厚ラビア/無毛/超接写じっくり鑑賞！FHD本編プレ付,,無,エロタウロス,https://fc2cmadb.com/articles/4568456,yes
FC2-PPV-4567536,2024-11-05,★顔出し★素人さんがえっちな事をしにやってきた！ケース＃59　ブレザー姿でアナル挿入解禁！マンコにデカチン1本、アナルに指2本の悶絶3Pで狂っちゃう　ななみちゃん（27）の場合【特,,無,エーロン・マスク,https://fc2cmadb.com/articles/4567536,yes
FC2-PPV-4566639,2024-11-03,しおり(18)まんぐりがえしでアナル貫通と野菜責め（きゅうり、ニンジン、山芋）の別視点動画,,無,大人仮面Z,https://fc2cmadb.com/articles/4566639,yes
FC2-PPV-4564610,2024-10-30,[超接写オマンコくっぱぁ～][4K]超くい込み！おまんこ＆アナル全開おっぴろげ!パックリご開帳ドアップ！/使用感のないピンクラヴィア/超接写じっくり鑑賞！FHD本編プレ付,,無,エロタウロス,https://fc2cmadb.com/articles/4564610,yes
FC2-PPV-4563877,2024-10-30,【素人初撮り】このは(18)透明感かわいいゲーム好き四大生の初アナル貫通ATM。クスコで膣内撮影して中出ししたり、イラマしたり、アナルに生姜やきゅうりを入れてたりもしました。,,無,大人仮面Z,https://fc2cmadb.com/articles/4563877,yes
FC2-PPV-4560307,2024-10-27,初撮影!元カレに孕ませられ飛ばれ散々な目にあった170cm高身長Gcup爆乳アパレル店員は深い闇を抱えています。※キズあり。その理由が明らかに...,,無,DIGITAL TATTOO,https://fc2cmadb.com/articles/4560307,yes
FC2-PPV-4559550,2024-10-25,[超接写オマンコくっぱぁ～][4K]ネ申Ｇ乳メンエス嬢まんこアナルおっぴろげ!ドアップ！女子大生の究極美裸体くぱぁ♡見ないと後悔します！ピンクラビア/Ｙゾーン濃陰毛/超接写じっくり鑑賞！FHD本編プレ,,無,エロタウロス,https://fc2cmadb.com/articles/4559550,yes
FC2-PPV-4553613,2024-10-16,★顔出し★素人さんがえっちな事をしにやってきた！ケース＃56　本当に（27）？全然見えない！ノリノリで性格もいい、アナル弄りもOK！　ななみちゃん（27）の場合【特典付き】,,無,エーロン・マスク,https://fc2cmadb.com/articles/4553613,yes
FC2-PPV-4550156,2024-10-09,[オマンコくっぱぁ～アナルひくひく]〈小麦肌巨乳、　相談①　諸事情で仕方なく〉オマンコ限界ＭＡＸくっぱぁ～おっぴろげ！ツルツル/使用感のない薄ラビア/超接写じっくり鑑賞！FHD本編プレ付,,無,エロタウロス,https://fc2cmadb.com/articles/4550156,yes
FC2-PPV-4548532,2024-10-07,りん(19)量産型地雷のアナルを拡張して貫通。そのままATMしました。,,無,大人仮面Z,https://fc2cmadb.com/articles/4548532,yes
FC2-PPV-4544829,2024-10-01,★ワンコイン動画★ケツ穴ベロベロ舐めさせて！肛門舐めるの大好き変態人妻のアナル舐め,,無,ガチンコS級素人,https://fc2cmadb.com/articles/4544829,yes
FC2-PPV-4543700,2024-09-28,【素人初撮り】あかね(18)学費支払いのため出演。経験が少なく敏感な身体だったので、吸うやつを入れたらすぐに潮吹きしました。その後アナル貫通しイラマしました。,,無,大人仮面Z,https://fc2cmadb.com/articles/4543700,yes
FC2-PPV-4543239,2024-09-30,高身長ショートボブのぴちぴち１　８　才逸材現る！私のお尻の穴に挿れてください…まんぺ連発！この前まで制服を着ていた*がAVデビューする前に大量の２連続中出し。私も一緒にイキたい…,,無,DIGITAL TATTOO,https://fc2cmadb.com/articles/4543239,yes
FC2-PPV-4540283,2024-09-21,【素人初撮り】さやか(18)とても大切に育てられた処〇。何も知らないのをいいことに、内視鏡撮影して、アナルも同時に貫通してATM。その後、にょ〇道責めしたり空気〇腸したりしました。,,無,大人仮面Z,https://fc2cmadb.com/articles/4540283,yes
FC2-PPV-4540255,2024-09-21,♡9/30迄半額【無修正・完全素人】大量潮吹きドスケベ奥さんに大量中出し！,,無,エロスエ リョーコ。,https://fc2cmadb.com/articles/4540255,yes
FC2-PPV-4538602,2024-10-18,【個人撮影】清純派アナル美女さなえちゃん前後編セット【高画質リマスター版】,,無,EX-STANDARD,https://fc2cmadb.com/articles/4538602,yes
FC2-PPV-4538281,2024-09-18,[超接写オマンコくっぱぁ～][4K]超美まんこ＆アナルおっぴろげ!ドアップ！美乳で美人携帯ショップ店員！まんぐりポーズでぽっかり開いた膣口くぱぁ♡きれいなラビア/超接写じっくり鑑賞！FHD本編プレ付,,無,エロタウロス,https://fc2cmadb.com/articles/4538281,yes
FC2-PPV-4535193,2024-09-14,【素人初撮り】しおり(18) 嫌と言えない性格みたいなので、アナル貫通してきゅうりを突っ込んだりATMをしたり逆顔面騎乗をして、イラマしました。,,無,大人仮面Z,https://fc2cmadb.com/articles/4535193,yes
FC2-PPV-4531761,2024-09-07,みすず(19)リ〇カ跡がえぐいメンヘラ。なんでも言うこと聞くので、アナルに入れた飴を舐めさせたり、アナル貫通ATMしたり逆顔面騎乗したり、イラマ口出しをしたりしました,,無,大人仮面Z,https://fc2cmadb.com/articles/4531761,yes
FC2-PPV-4528894,2024-09-07,剛毛ダンサー降臨！容姿端麗なのにギャップだらけで大興奮。見かけによらずHはド素人な彼女に急遽初アナル挿入に悶絶。またもや逸材発見。特典：素人の象徴である剛毛まんこに大量中出し,,無,DIGITAL TATTOO,https://fc2cmadb.com/articles/4528894,yes
FC2-PPV-4526249,2024-08-31,美香(20) メイド服が似合いすぎるスレンダーちっぱいの初アナル貫通動画の別視点,,無,大人仮面Z,https://fc2cmadb.com/articles/4526249,yes
FC2-PPV-4525347,2024-08-29,ゆうな(18) 剣道初段の初アナル貫通ATM。少し刺激するとすぐにイキ続けるからだでした。吸うやつ責めしたり、によう道責めしたり、精液歯磨きさせたりしました。,,無,大人仮面Z,https://fc2cmadb.com/articles/4525347,yes
FC2-PPV-4524700,2024-08-28,♡9/8迄半額【無修正・完全素人】こんな２１歳美女が経験人数１人！？正常位以外ほぼ初体験のうぶマンコに中年男の極太マラを根元までズブズブ挿入してねっちょり濃厚に開発するとマン汁べっちょりで本気イキっ！,,無,エロスエ リョーコ。,https://fc2cmadb.com/articles/4524700,yes
FC2-PPV-4524098,2024-08-27,【合計4発射】北国ののどかな土地で育った1./8歳の上京むす./め。拘●目●し2穴絶頂1.5メートル噴射潮吹きスプラッシュ！3連続で大量の膣奥孕ませ中出し！特典:正座で壁ドンイラマチオ～ベッドでごっく,,無,Erotter Queen D,https://fc2cmadb.com/articles/4524098,yes
FC2-PPV-4523382,2024-08-26,スタイル抜群な美巨乳Fカップのナース。性格はおっとりしてますがオマ●コはチ●ポを離さない吸いつき名器。2連続中出しで着床するのか？特典:拘●電マとバイブとアナルバイブで2穴責めから中出し！パイズリ挟射,,無,Erotter Queen D,https://fc2cmadb.com/articles/4523382,yes
FC2-PPV-4522368,2024-08-23,【初撮り】ひより(18)146cm37kg 経験人数2名でかわいい。初生挿入、初中出し。吸うやつ入れて放置プレイされたあげく、アナル貫通ATMされてしまう,,無,大人仮面Z,https://fc2cmadb.com/articles/4522368,yes
FC2-PPV-4518216,2024-08-16,ゆう(19)4回目撮影時の蔵出し動画。アナルの開発を継続。吸うやつで敏感になったカラダを電までさらに責めていく,,無,大人仮面Z,https://fc2cmadb.com/articles/4518216,yes
FC2-PPV-4517340,2024-08-17,アナル処助！待望の2作目解禁！初アナルと膣の２穴同時生挿入に悶絶イキまくりでぶっ壊れました。２連続で神作。次の要求は数日間お家で調教して欲しい。誰か彼女を止めてあげてください…,,無,DIGITAL TATTOO,https://fc2cmadb.com/articles/4517340,yes
FC2-PPV-4513882,2024-08-07,[超接写オマンコくっぱぁ～][4K]極狭おまんこ＆アナルおっぴろげ!ドアップ！166ｃｍスレンダーモデル系/なりたて１./８さい、/きれいな小さいラビア/超接写じっくり鑑賞！FHD本編プレ付,,無,エロタウロス,https://fc2cmadb.com/articles/4513882,yes
FC2-PPV-4513384,2024-08-06,【無】元ギャル読者モデル出身で158cmあかねちゃん。アナルプラグ入れたままノーパンお散歩♡元カレに仕込まれたアナルセックスを懇願♡久々のド変態と生ハメセックスに♡,,無,ハメ撮りサカイ,https://fc2cmadb.com/articles/4513384,yes
FC2-PPV-4511842,2024-08-03,※8/12迄半額【無/本編ムフフ】緊張気味のちょいポチャ嬢はカラダも硬いんですが、チンコには興味津々っていうか大好き！みたいで、柔軟に握ったり咥えたりSPでは結合部を**込んじゃって劣情点火！？,,無,マッサージが好きです AROMA CLUB,https://fc2cmadb.com/articles/4511842,yes
FC2-PPV-4511690,2024-08-03,人妻の射精管理 ※おじさん限定 「恥ずかしいところ丸見えだよ…」,,無,ガチンコS級素人,https://fc2cmadb.com/articles/4511690,yes
FC2-PPV-4511268,2024-08-02,ゆう(19)3回目撮影時の蔵出し動画。アナルを徹底的に開発。アナルバイブを入れた状態で、その上から電マでさらに責めていく。,,無,大人仮面Z,https://fc2cmadb.com/articles/4511268,yes
FC2-PPV-4510522,2024-07-31,[超接写オマンコくっぱぁ～][4K]初個撮！処〇喪失後おまんこ＆アナルおっぴろげ!ドアップ！/１./８さい、げ./んえ./き岡山の奇跡似/左右対称きれいなラビア/超接写じっくり鑑賞！FHD本編プレ付,,無,エロタウロス,https://fc2cmadb.com/articles/4510522,yes
FC2-PPV-4505698,2024-07-26,ゆう(19)2回目撮影時の蔵出し動画。初アナル貫通し、吸うやつと電マでポルチオ責めしたらいい声であえいでいます。,,無,大人仮面Z,https://fc2cmadb.com/articles/4505698,yes
FC2-PPV-4501996,2024-07-20,私にケツ穴ベロベロ舐めさせて アナル舐め大好き看護師変態素人人妻AVデビュー,,無,ガチンコS級素人,https://fc2cmadb.com/articles/4501996,yes
FC2-PPV-4499801,2024-07-15,本物処助！某有名大学医学部1　8　才は大雨の中、野外でS⚫︎X以前にキスとオナニー以外人生で全てが初めて…ヤってみたいHは青姦とアナル挿入…,,無,DIGITAL TATTOO,https://fc2cmadb.com/articles/4499801,yes
FC2-PPV-4497510,2024-07-12,えり(23)事務職OL 膣をクスコで開いて膣壁から奥の奥まで撮影。アナルには試験管を突っ込んで、肛門から腸内も撮影。そして、そのまま初アナル貫通しATMまで,,無,大人仮面Z,https://fc2cmadb.com/articles/4497510,yes
FC2-PPV-4484295,2024-06-26,りょう(23)アナル挿入をずっと拒まれていましたが、ついに説得に成功し、貫通しました。そのままATMしたら、口からぶくぶく泡を出していました。,,無,大人仮面Z,https://fc2cmadb.com/articles/4484295,yes
FC2-PPV-4483564,2024-06-25,えりな(19)ビジュアル系バンギャの初アナルを貫通しATMした作品の別視点定点カメラ動画となります。,,無,大人仮面Z,https://fc2cmadb.com/articles/4483564,yes
FC2-PPV-4482960,2024-06-25,※7/5迄半額！【無/本編ムフフ】超ナイスバディ！クールに見えたスレンダー美女がエロマッサージ効果で淫欲丸出しに！チンコにぎにぎパックンチョからのSPマッサージでまさかのだいちゅきホールド炸裂！！,,無,マッサージが好きです AROMA CLUB,https://fc2cmadb.com/articles/4482960,yes
FC2-PPV-4479781,2024-06-20,美香(20) メイド服が似合いすぎるスレンダーちっぱい。最初はきれいだった初アナルを長時間責め続け、生挿入して中出ししたら、痛々しく開いたままになりました。,,無,大人仮面Z,https://fc2cmadb.com/articles/4479781,yes
FC2-PPV-4476274,2024-06-18,【無】初アナルでもん絶！色白Gカップ爆乳の彼女が初アナル中出し！おっぱいブルンブルンさせて快楽へ落ちる！二回戦目はベッドでバック中出し！※特典高画質,,無,ハメ撮りランキング,https://fc2cmadb.com/articles/4476274,yes
FC2-PPV-4476028,2024-06-16,[超接写オマンコくっぱぁ～][4K]おまんこ＆アナル全開くぱぁ～ドアップ！Ｇカップ淫乳/超狭膣/使用感無く薄いピンクラビア/超接写じっくり鑑賞！FHD本編プレ付,,無,エロタウロス,https://fc2cmadb.com/articles/4476028,yes
FC2-PPV-4475943,2024-06-17,るみ(18)私服姿がかわいかったので、猫耳メイドコスをさせてみた。そして、アナルもかわいかったのでアナル貫通し中出ししたらぽっかり開いたままだったので、栓をしました。,,無,大人仮面Z,https://fc2cmadb.com/articles/4475943,yes
FC2-PPV-4472017,2024-06-09,[ワンコインセール５００pt]濡れた裸体まんこ＆美巨乳がめっちゃエロいシャワー/癒しの洗体おちんぽ洗い/本人には知らせないで○撮！スマホでチラリズム/※超接写！広がるおまんこあなる観察レビュー特典付き,,無,ハメンタル,https://fc2cmadb.com/articles/4472017,yes
FC2-PPV-4467786,2024-06-06,[ワンコインセール５００pt]濡れた裸体まんこがめっちゃエロいシャワー/癒しの洗体おちんぽ洗い＆パイズリ/本人には知らせないで○撮！スマホでチラリズム/※超接写！広がるおまんこあなる観察レビュー特典付,,無,ハメンタル,https://fc2cmadb.com/articles/4467786,yes
FC2-PPV-4467397,2024-06-05,[超接写オマンコくっぱぁ～][4K]超くい込み！おまんこ＆アナル全開おっぴろげ!ドアップ！マン毛ボーボー/まなったん激似/天然陰毛/ムササビ系左右非対称肉厚ラビア/超接写じっくり鑑賞！FHD本編プレ付,,無,エロタウロス,https://fc2cmadb.com/articles/4467397,yes
FC2-PPV-4466259,2024-06-03,[ワンコインセール５００pt]濡れた裸体まんこがめっちゃエロいシャワー/癒しの洗体おちんぽ洗い/本人には知らせないで！スマホでセルフィーチラリズム/※超接写！広がるおまんこあなる観察レビュー特典付,,無,ハメンタル,https://fc2cmadb.com/articles/4466259,yes
FC2-PPV-4465441,2024-06-01,[ワンコインセール５００pt]濡れた裸体まんこがめっちゃエロいシャワー/癒しの洗体おちんぽ洗い/本人には知らせないで○撮した極秘の着替え/※超接写！広がるおまんこあなる観察レビュー特典付き,,無,ハメンタル,https://fc2cmadb.com/articles/4465441,yes
FC2-PPV-4462228,2024-05-30,えりな(19) ビジュアル系バンギャの初撮り。中出しし、アナルに浣〇大量注入。その後初貫通しそのままATM。さらに、電マでいじめて中出ししました。,,無,大人仮面Z,https://fc2cmadb.com/articles/4462228,yes
FC2-PPV-4461938,2024-05-29,＜韓国アイドル並みの色白Ｅ乳女子（18）＞美マンコ×パンティくいこみ×コス着衣！オマンコおっぴろげ～！ローアン特化超接写豪華プレ付,,無,着エロ撮影会　くっぱぁ〜ダンス,https://fc2cmadb.com/articles/4461938,yes
FC2-PPV-4461921,2024-05-29,[超接写オマンコくっぱぁ～][4K]超くい込み！おまんこ＆アナル全開おっぴろげ!ドアップ！Ｇ乳/超狭膣/つるつる無毛/使用感無く薄いピンクラビア/超接写じっくり鑑賞！FHD本編プレ付,,無,エロタウロス,https://fc2cmadb.com/articles/4461921,yes
FC2-PPV-4460589,2024-05-28,[ワンコインセール５００pt]濡れた裸体まんこがめっちゃエロいシャワー/癒しの洗体おちんぽ洗い/密室にヒトリいつものオナニーをして！とお願いしました/※超接写！広がるおまんこあなる観察レビュー特典付き,,無,ハメンタル,https://fc2cmadb.com/articles/4460589,yes
FC2-PPV-4452858,2024-05-24,【無修正ｘ個人撮影】ホスト依存症で売掛が増加…「なんでもします！」と言ってきたので…アナル3Pで両穴に中出し2連発！推しホストの為にアナルをほぐされる金髪女,,無,Kerberos,https://fc2cmadb.com/articles/4452858,yes
FC2-PPV-4450891,2024-05-22,【セット販売・3日間限定50%OFF・アナルSEX・中出し】アナルへの刺激が病みつきになった熟女妻　完全版,,無,啼きの人妻,https://fc2cmadb.com/articles/4450891,yes
FC2-PPV-4448440,2024-05-23,[ワンコインセール５００pt]濡れた裸体まんこがめっちゃエロいシャワー/癒しの洗体おちんぽ洗い/本人には知らせないで撮影した極秘の着替え/※超接写！広がるおまんこあなる観察レビュー特典付き,,無,ハメンタル,https://fc2cmadb.com/articles/4448440,yes
FC2-PPV-4443393,2024-05-19,りか(21)　アパレル店員が初アナルに挑戦してくれたので、貫通中出ししてATMしました。その後吸うやつ責めして山芋かゆかゆ責めもして、再度中出ししてみました。,,無,大人仮面Z,https://fc2cmadb.com/articles/4443393,yes
FC2-PPV-4439304,2024-05-16,[ワンコインセール５００pt]天然マン毛おまんこシャワーシーン/癒しの洗体おちんぽ洗い/オナニー/※超接写！広がるおまんこあなる観察レビュー特典付き,,無,ハメンタル,https://fc2cmadb.com/articles/4439304,yes
FC2-PPV-4439286,2024-05-16,＜G乳!乳圧膣圧最高のムチムチ肉感ボディでオイルテカテカ＞つるつるマンコ×パンティくいこみ×コス着衣！オマンコおっぴろげ～！ローアン特化超接写豪華プレ付,,無,着エロ撮影会　くっぱぁ〜ダンス,https://fc2cmadb.com/articles/4439286,yes
FC2-PPV-4425936,2024-05-09,＜黒髪の可愛らしい制服女子は部活一筋の真面目系＞つるつるマンコ×パンティくいこみ×コス着衣！オマンコおっぴろげ～！ローアン特化超接写豪華プレ付,,無,着エロ撮影会　くっぱぁ〜ダンス,https://fc2cmadb.com/articles/4425936,yes
FC2-PPV-4425929,2024-05-09,[ワンコインセール５００pt]おまんこシャワーシーン/癒しの洗体おちんぽ洗い/オナニー/※超接写！広がるおまんこあなる観察レビュー特典付き,,無,ハメンタル,https://fc2cmadb.com/articles/4425929,yes
FC2-PPV-4411811,2024-04-30,かな(20)溢れる巨乳HカップJDの別視点動画① アナル編 アナルパールを挿したまま、膣に挿入してみました。,,無,大人仮面Z,https://fc2cmadb.com/articles/4411811,yes
FC2-PPV-4410758,2024-04-29,【無】初のアナル正常位での中出し！色白黒髪美女アナルプレイにも慣れてきました！後半はおマ〇コ中出しSEXの二本立て※特典高画質,,無,ハメ撮りランキング,https://fc2cmadb.com/articles/4410758,yes
FC2-PPV-4406984,2024-04-27,大人仮面Z 2024GW福袋 過去作をいろいろ詰め込んだお得なセットとなっております。,,無,大人仮面Z,https://fc2cmadb.com/articles/4406984,yes
FC2-PPV-4406243,2024-04-26,＜大人の色気溢れるスレンダー美女Ｈのことしか考えられない性欲モンスター女子＞マン毛びっしりマンコ×パンティくいこみ×コス着衣！オマンコおっぴろげ～！ローアン特化超接写豪華プレ付,,無,着エロ撮影会　くっぱぁ〜ダンス,https://fc2cmadb.com/articles/4406243,yes
FC2-PPV-4398557,2024-04-19,かな(20)溢れる巨乳HカップJDにアナル開発を行い、アナルにパールが入ったまま膣への挿入を敢行。その後、吸うやつ責めと山芋かゆかゆ責めをしたら、おっぱいをたゆたゆさせながら乱れる姿がかわいい。,,無,大人仮面Z,https://fc2cmadb.com/articles/4398557,yes
FC2-PPV-4398173,2024-04-23,【無】あの色白黒髪美女と再会して二度目のアナル中出し！あまりの気持ちよさにケツ穴ヒクヒク♡経験を重ねる度にアナルの深淵に落ちる彼女…後半はおマ〇コに中出しSEX！※特典高画質版,,無,ハメ撮りランキング,https://fc2cmadb.com/articles/4398173,yes
FC2-PPV-4384193,2024-04-11,みお(19)2回目 おいしそうな巨乳に生クリームとイチゴを載せてみた。その後ローション浣〇、空気〇腸でアナルを拡張。猫耳つけての電マオナも収録,,無,大人仮面Z,https://fc2cmadb.com/articles/4384193,yes
FC2-PPV-4382449,2024-04-10,【無】清楚で美人なお姉さんをホテルに連れ込みプライベートSEX！お風呂でちゃっかりアナルをオ〇ス。お互いに気持ちいいことだけを追求したハメ撮りです！※特典高画質,,無,ハメ撮りランキング,https://fc2cmadb.com/articles/4382449,yes
FC2-PPV-4378187,2024-04-08,【3日間限定500ptオフ・番外編・アナルS〇X・中出し】アナルへの刺激が病みつきになった熟女妻　四つん這いの責めでハードさは増していく・・・,,無,啼きの人妻,https://fc2cmadb.com/articles/4378187,yes
FC2-PPV-4372726,2024-04-04,【Hカップ】＜制服着衣でも際立つ圧倒的デカ凸美爆乳＞美マンコ×パンティくいこみ×コス着衣！オマンコおっぴろげ～！ローアン特化超接写豪華プレ付,,無,着エロ撮影会　くっぱぁ〜ダンス,https://fc2cmadb.com/articles/4372726,yes
FC2-PPV-4365537,2024-04-01,大人仮面Z 2023年度作品 福袋,,無,大人仮面Z,https://fc2cmadb.com/articles/4365537,yes
FC2-PPV-4364209,2024-03-31,みお(19)可愛い巨乳JDのアナル貫通動画本編と別のアングル。声も顔もおっぱいもかわいいのだけど、一番かわいいアナル貫通の一部始終を観察,,無,大人仮面Z,https://fc2cmadb.com/articles/4364209,yes
FC2-PPV-4362195,2024-03-29,【月末まで500ptオフ・番外編・アナルS〇X・中出し】アナルへの刺激が病みつきになった熟女妻　〇態体質を見抜いて調教はエスカレートしてゆく・・・,,無,啼きの人妻,https://fc2cmadb.com/articles/4362195,yes
FC2-PPV-4361271,2024-03-29,★4/7まで半額【無修正・完全素人】経験人数１人の未開発ウブ素人が家庭の事情で再降臨！自分のカラダを犠牲にして中年男の前で股を広げオマンコねっちょり舐められ弄られて極太マラを根元までねじ込まれ…,,無,エロスエ リョーコ。,https://fc2cmadb.com/articles/4361271,yes
FC2-PPV-4356825,2024-03-29,【無】アナルバージン喪失！癒し系色白Gカップ巨乳美女と再会してフルコースを堪能！アナル中出し、パイズリで顔射、最後はマ〇コに大量中出しの3射精！※特典高画質,,無,ハメ撮りランキング,https://fc2cmadb.com/articles/4356825,yes
FC2-PPV-4352613,2024-03-21,★3/31まで半額【無修正・完全素人】美白！美肌！美巨乳！(陰毛ノーお手入れ)3拍子そろった激カワＪＤが大学ライフのストレスで何故か中年男の元へ再降臨！極太マラに突かれ癒され寄り目になってアヘ顔連発！,,無,エロスエ リョーコ。,https://fc2cmadb.com/articles/4352613,yes
FC2-PPV-4349847,2024-04-10,＜マン毛あり！お花見デートをドタキャンされた傷心色白Ｅ乳女子（18）＞美マンコ×パンティくいこみ×コス着衣！オマンコおっぴろげ～！ローアン特化超接写豪華プレ付,,無,着エロ撮影会　くっぱぁ〜ダンス,https://fc2cmadb.com/articles/4349847,yes
FC2-PPV-4329956,2024-03-08,【無】アナル処女喪失！あの清楚で美人なお姉さんが超お下品アナルプレイに挑戦！アナル拡張手順を収録！少し緊張していましたが無事最後まで到達！後半もガッツリおマ〇コ中出しSEX！※特典高画質版,,無,ハメ撮りランキング,https://fc2cmadb.com/articles/4329956,yes
FC2-PPV-4307838,2024-02-15,【無】黒髪美女に初アナル中出し！あのドスケベ美女のアナルの開発！気合十分のエッチな服とニーハイを装着！初めての中出しで戸惑うも良く頑張ってくれました！ご褒美にもう一発おマ〇コに中出し♡※特典高画質,,無,ハメ撮りランキング,https://fc2cmadb.com/articles/4307838,yes
FC2-PPV-4172532,2023-12-31,りょう(23) 吸うやつ40分とアナル開発。アナルに空気を入れておもちゃを入れるとどうなるの？,,無,大人仮面Z,https://fc2cmadb.com/articles/4172532,yes
FC2-PPV-4143477,2023-12-21,※12/29まで半額【無/ムフフ特典有】揉み応え満点のムッチリ素人嬢がアナル丸出しでオマンコをホジホジされたりペロペロされたり…弄り倒されて我慢ならず白濁液も漏れちゃった！？チンコ咥えてSP懇願ダー！,,無,マッサージが好きです AROMA CLUB,https://fc2cmadb.com/articles/4143477,yes
FC2-PPV-4075681,2023-12-01,【モ無】2発射精！介護士さんは爆尻持ちのアナル好き！！今日は僕が代わりに性介護されちゃいます。アナルに大量中出し,,無,☆性癖パラダイス☆,https://fc2cmadb.com/articles/4075681,yes
FC2-PPV-4070958,2023-11-29,★12/8まで半額★【無修正・完全素人】にらむような視線はイキそうな証！？初撮り素人美女が中年男の極太マラ激ピストンに魅了され見つめ合いエロ喘ぎしながらねっとり濃厚生ハメ！,,無,エロスエ リョーコ。,https://fc2cmadb.com/articles/4070958,yes
FC2-PPV-4057791,2023-11-28,【無】アナル処女いただきました！清楚系でド変態なあの大学生に再会し大量顔射＆ごっくん♡シャワー後はすっぴん＆生乾き髪のままベッドで中出しSEX！※特典高画質版,,無,ハメ撮りランキング,https://fc2cmadb.com/articles/4057791,yes
FC2-PPV-4057763,2023-11-24,【無修正ｘ個人撮影】廃墟になった病院で、セフレと初めての半野外アナル3Pをしちゃいました！アナルとマンコに1発ずつ中出し！アナルから垂れる精液がエロ過ぎる…,,無,Kerberos,https://fc2cmadb.com/articles/4057763,yes
FC2-PPV-4047379,2023-11-23,【無】超人気作品からアナルプレイ作品を集めた豪華総集編　　～其の壱～　※特典高画質版+おまけ動画,,無,ハメ撮りランキング,https://fc2cmadb.com/articles/4047379,yes
FC2-PPV-3851876,2023-09-22,【無修正ｘ個人撮影】ミレイ女王様vsドM嬢　ペニバン装着！バラ鞭調教！ドM嬢に愛着が沸いてしまったミレイ様に命じられアナル2穴挿入で悶絶イキまくり…地獄絵図4Pへ…,,無,Kerberos,https://fc2cmadb.com/articles/3851876,yes
FC2-PPV-3840126,2023-09-19,☆9/24まで半額スタート！☆【無/ムフフ特典有】清純系の可愛い子ネコちゃん女子がエロマでリラックスし過ぎ！？乳首＆オマンコのＷ施療中にチンコしっかり握って離さずSPへGO！　※3大レビュー特典有,,無,マッサージが好きです AROMA CLUB,https://fc2cmadb.com/articles/3840126,yes
FC2-PPV-3678439,2023-08-14,はるか(25)敏感すぎる看護師に吸うやつを入れて放置したり、膣内カメラで撮影したり,,無,大人仮面Z,https://fc2cmadb.com/articles/3678439,yes
FC2-PPV-3620571,2023-07-28,090_【ちんぽにハメ潮】バカまんこになってお潮垂れ流し！身バレ厳禁おじょう様が大量潮吹きの3P乱痴気セックス♪！逝っても逝っても追い打ちピストン責め！19歳爆乳Kカップしおりちゃん第2章【海外版】,,無,PPパンダ（ぴーぴーぱんだ）,https://fc2cmadb.com/articles/3620571,yes
FC2-PPV-3618859,2023-07-27,なおちゃん(18) クスコと内視鏡でピンクの膣内観察したり、アナルパールでいじめたり。最後は中出し。妊娠したらちゃんと育ててね。,,無,大人仮面Z,https://fc2cmadb.com/articles/3618859,yes
FC2-PPV-3617172,2023-07-26,【個人撮影・セット販売】アナル調教で性〇隷と化す変態熟女妻　完全版,,無,啼きの人妻,https://fc2cmadb.com/articles/3617172,yes
FC2-PPV-3556268,2023-07-08,【処女・アナルW喪失】麻美(20) 地味な素人JDの処女をいただきましたが、勢い余ってアナルに中出ししてしまいました,,無,大人仮面Z,https://fc2cmadb.com/articles/3556268,yes
FC2-PPV-3366694,2023-05-23,【無修正ｘ個人撮影】アラフィフ美人妻と再会！ほろ酔い状態で和室ホテルへ…浴衣を着たら色気たっぷりでアナルに初挑戦！騎乗位でアナルに挿入しながら片手くぱぁがエロ過ぎる！,,無,Kerberos,https://fc2cmadb.com/articles/3366694,yes
FC2-PPV-3340961,2023-05-18,【無修正ｘ個人撮影】愛奴7号の娘　毋親の命令で今度は単独行動！ホテルへ行ったら有無を言わさず突然3Pアナルに…ダブル穴同時挿入で悶絶昇天！19歳がどんどん変態に…,,無,Kerberos,https://fc2cmadb.com/articles/3340961,yes
FC2-PPV-3192265,2023-02-24,【番外編・アナル肉棒挿入・アナル玩具膣チ〇ポ同時挿入・膣中出し2発】アナル調教で性〇隷と化す変態熟女妻　かなり尻穴が開いてきたので初チ〇ポ挿入しました！！,,無,啼きの人妻,https://fc2cmadb.com/articles/3192265,yes
FC2-PPV-3188603,2023-02-17,【番外編・アナル調教・アナル玩具膣チ〇ポ同時挿入・連続膣中出し2発】アナル調教で性〇隷と化す変態熟女妻　高額転売・過激な見世物用に調教しました！！,,無,啼きの人妻,https://fc2cmadb.com/articles/3188603,yes
FC2-PPV-3093169,2022-09-16,【無修正ｘ個人撮影】ゴスろり娘が調教を希望！イラマ得意、オナニー命令も従順、そしてアナル調教も大好きな超絶変態娘が悶絶イキまくり！アナル攻めまくりからの中出し！,,無,Kerberos,https://fc2cmadb.com/articles/3093169,yes
FC2-PPV-3086493,2022-09-08,【顔出し】【モ無】【中出し】セーラー服姿でリク御礼再出演！100点満点ピュア系娘に中出し♥アナルにも挑戦！,,無,はめサムライ【進化】,https://fc2cmadb.com/articles/3086493,yes
FC2-PPV-3069527,2022-08-10,自撮り指オナくぱぁ〜県立商業③推しの為に性を売るツインテ受験生①,,無,ぱすも,https://fc2cmadb.com/articles/3069527,yes
FC2-PPV-3058906,2022-07-29,1本のおまけ動画あり【無修正ｘ個人撮影】フードデリバリーで注文した商品にミスが！その代償としてエッチな下着を着せて、アナル開発！トロトロになった初めてのアナルに大量の精子を中出し！,,無,Kerberos,https://fc2cmadb.com/articles/3058906,yes
FC2-PPV-2909312,2022-05-27,1本のおまけ動画あり［初ア○ルSEX］神の領域の美ケツ、処女ア○ルSEXに挑戦‼︎‼︎,,無,素人ハンター次郎,https://fc2cmadb.com/articles/2909312,yes
FC2-PPV-2889197,2022-05-13,1本のおまけ動画あり【無修正ｘ個人撮影】愛奴5号vsミレイ様　ドS女王様の悶絶ペニバンアナル開発に、下僕挿入の2穴同時挿入3P！誕生日プレゼントで捧げた愛奴が失神寸前イキまくり！,,無,Kerberos,https://fc2cmadb.com/articles/2889197,yes
FC2-PPV-2882704,2022-05-11,都内で働くフリーのセラピちゃんが緊急入店決定！アナル周りを触られるとビクビク感じる敏感体質でグラマラスM女,,無,悪徳メンエスオーナー,https://fc2cmadb.com/articles/2882704,yes
FC2-PPV-2865976,2022-05-03,【3P乱交】【完全顔出し】おじさん大好き清純スケベ娘は生まれて初めての乱交でアナルをほじくられても巨根2本で生危険日連続中出しされてもニコニコファック,,無,ひのまるハメ撮り倶楽部Black,https://fc2cmadb.com/articles/2865976,yes
FC2-PPV-2769292,2022-10-01,1本のおまけ動画あり【無修正ｘ個人撮影】人妻の仕事帰りを待ち伏せして、流出動画をネタに再び**！破れたパンストのままアナルに挿入！旦那もしたことがないアナル中出しに駅弁ファック！,,無,Kerberos,https://fc2cmadb.com/articles/2769292,yes
FC2-PPV-2584181,2022-01-14,1本のおまけ動画あり【無修正ｘ個人撮影】「関係を終わりにしたい…」ドMミシュラン体型人妻を激しく調教。アナル盆栽＆挿入中に指アナルの同時攻めした後、旦那に電話させて証拠動画を残してみた。,,無,Kerberos,https://fc2cmadb.com/articles/2584181,yes
FC2-PPV-2244709,2021-09-24,1本のおまけ動画あり【無修正ｘ個人撮影】愛奴5号vsアナル社員 レズ体験が気に入ってしまった社員が、再び求めて来た！開発されたばかりのアナルを使ってWアナルにディルド挿入でイキまくり！,,無,Kerberos,https://fc2cmadb.com/articles/2244709,yes
FC2-PPV-2174703,2021-09-08,【個人撮影・セット販売】セックスレスで疼き続ける体を自制出来ない41歳熟女妻　単独・乱交・アナル貫通,,無,啼きの人妻,https://fc2cmadb.com/articles/2174703,yes
FC2-PPV-1923783,2021-07-15,1本のおまけ動画あり【無修正ｘ個人撮影】面接に合格！「あの快感が忘れられない…」アダルト業界入社記念にアナル調教されたくなっちゃった！アナルパールと肉棒2穴同時挿入の悶絶社員教育！,,無,Kerberos,https://fc2cmadb.com/articles/1923783,yes
FC2-PPV-1893097,2021-06-28,1本のおまけ動画あり【無修正】Iカップ爆乳ももちゃんと再開♪ベッド①×風呂②×締まり抜群の処女アナル③で本番三連発！！！※顔出しレビュー特典あり,,無,素人Rendezvous,https://fc2cmadb.com/articles/1893097,yes
FC2-PPV-1875972,2021-06-18,1本のおまけ動画あり【無修正ｘ個人撮影】仕事の面接に来たムチムチM系女性に「私に採用の決定権がある」と権力を使って、ロケハンと言って多目的トイレに誘い込み、アナル開発までさせてみたｗ,,無,Kerberos,https://fc2cmadb.com/articles/1875972,yes
FC2-PPV-1863967,2021-06-11,1本のおまけ動画あり【無修正ｘ個人撮影】人の奥さん愛奴5号 巨チン後輩再び!更に超ドS後輩が途中参加で超過激4P！おマ〇コに1本！お口に1本！そしてアナルにも1本挿入で3つ穴同時埋め！,,無,Kerberos,https://fc2cmadb.com/articles/1863967,yes
FC2-PPV-1788964,2021-04-26,ペリカ総集編Vo1【16本収録】,,無,ペリカ,https://fc2cmadb.com/articles/1788964,yes
FC2-PPV-1717711,2021-03-08,【個人撮影】セックスレスで疼き続ける体を自制出来ない41歳熟女妻　アナル完全貫通で響く悲鳴みたいなヨガリ声,,無,啼きの人妻,https://fc2cmadb.com/articles/1717711,yes
FC2-PPV-1608070,2020-12-24,1本のおまけ動画あり【無修正ｘ個人撮影】人の奥さん愛奴5号　性（ア）ナル夜にメリークリスマス♪愛奴からのクリスマスプレゼント★サンタのコスプレでアナルオナニーしちゃいます☆【期間限定】,,無,Kerberos,https://fc2cmadb.com/articles/1608070,yes
FC2-PPV-1552261,2020-10-30,1本のおまけ動画あり【無修正ｘ個人撮影】人の奥さん愛奴5号　下着をかぶるのが大好き変態人妻が遂にアナル解禁！「アナルもいっぱい調教して下さい！」果たして愛奴になれるのか!?【＃変態人妻】,,無,Kerberos,https://fc2cmadb.com/articles/1552261,yes
FC2-PPV-1458358,,はなちゃん第３弾！！2480pt→1000pt！ 購入者限定！６日（木）２３時締め切り！撮影日は８日（土）！次回、はなちゃんと撮影するチャンスあります！！※詳細は購入者メッセージにて,,無,おすすめ動画セレクション,https://fc2cmadb.com/articles/1458358,yes
FC2-PPV-1420708,2020-07-03,1本のおまけ動画あり【無修正ｘ個人撮影】変態夫婦が寝取られにやってきた♪今日はご主人も参加させてあげたけど、奥さんのオマ●コ独占してたら「アナルだけでも貸して下さい」って言ってきたので…,,無,Kerberos,https://fc2cmadb.com/articles/1420708,yes
FC2-PPV-1353077,2020-04-29,【無修正】犬好きFカップの音大生を犬にしてご奉仕～中出しアナル挿入ぶっかけソーププレイ（76分）,,無,ペリカ,https://fc2cmadb.com/articles/1353077,yes
FC2-PPV-1318845,2020-03-30,えぽすスレンダー美人妻6本まとめ【旅館・拘○・中出し・自宅・アナル】,,無,えぽす。,https://fc2cmadb.com/articles/1318845,yes
FC2-PPV-1236577,2020-01-10,【無修正ｘ個人撮影】不貞旦那を支える人妻が日常から逃れたくて再びの援助要請、愛奴契約を結び「ご主人様...」アナルで受け入れる【＃借金返済】,,無,Kerberos,https://fc2cmadb.com/articles/1236577,yes
FC2-PPV-1202470,2019-11-16,【個撮】都立商業③ドSギャル。まさかのアナルF..,,無,ぱすも,https://fc2cmadb.com/articles/1202470,yes
FC2-PPV-1154822,2019-09-03,【個撮】旦那が仕事で不在中リビングで膣と肛門を同時に他人棒に犯されるスレンダー美人妻,,無,えぽす。,https://fc2cmadb.com/articles/1154822,yes
FC2-PPV-929839,2018-09-14,【無修正ｘ個人撮影】家出娘がアナル娘に変身！3Pの予定が結局4Pになってダブル挿入中出しされちゃった【♯家出娘】,,無,Kerberos,https://fc2cmadb.com/articles/929839,yes
FC2-PPV-572937,2017-05-25,【個人撮影】さなえ24歳　清純派和風スレンダー美女にアナル中出し,,無,EX-STANDARD,https://fc2cmadb.com/articles/572937,yes
