date,studio,post_id,title,url,content_type,matched_terms
2026-09-22,杏吧传媒,90386,淫荡人妻王肛交3通群交4P吞精高潮喷水,https://madouqu.com/video/xb6340/,anal sex,肛交
2026-09-20,杏吧传媒,89860,约炮开档黑丝兔女郎第一次帮她爆肛,https://madouqu.com/video/xb6242/,anal sex,爆菊
2026-09-17,杏吧传媒,89067,极品身材清纯双美爆菊粉穴自慰,https://madouqu.com/video/xb6134/,anal sex,爆菊
2026-09-16,杏吧传媒,88880,极品身材清纯双美爆菊粉穴自慰,https://madouqu.com/video/xb6104/,anal sex,爆菊
2026-09-15,杏吧传媒,88512,顶美校花无毛白虎双插爆菊这谁抗的住,https://madouqu.com/video/xb6067/,anal sex,爆菊
2026-09-14,杏吧传媒,88377,华裔青春美眉身材高挑小娇乳肏肛门,https://madouqu.com/video/xb6030/,anal sex,肛门
2026-09-14,杏吧传媒,88310,黑人大屌猛干嫂子干完骚穴干屁眼,https://madouqu.com/video/xb6006/,anal sex,屁眼
2026-09-11,杏吧传媒,87481,高颜无毛白虎双插爆菊喷水如泉涌,https://madouqu.com/video/xb5875/,anal sex,爆菊
2026-09-10,杏吧传媒,87228,眼镜淫荡欲姐逼痒难耐喷水爆菊,https://madouqu.com/video/xb5837/,anal sex,爆菊
2026-09-08,杏吧传媒,86420,中澳混血找漂亮闺蜜加入肛交3P大战,https://madouqu.com/video/xb5772/,anal sex,肛交
2026-09-08,杏吧传媒,86394,神似周淑怡二次元美少女爆菊流浆,https://madouqu.com/video/xb5765/,anal sex,爆菊
2026-09-03,杏吧传媒,85823,人美逼肥话少跳蛋插屁眼高潮喷水,https://madouqu.com/video/xb5619/,anal play (toy/plug/finger/enema/fisting),屁眼
2026-09-03,杏吧传媒,85772,母狗就是肉便器内射肛交跪着求精,https://madouqu.com/video/xb5605/,anal sex,肛交
2026-09-02,杏吧传媒,85728,开裆肉丝新玩具调教爆菊肛交白浆,https://madouqu.com/video/xb5598/,anal sex,爆菊|肛交
2026-09-02,杏吧传媒,85689,教室楼梯口新娘小狗白领爆菊喷水,https://madouqu.com/video/xb5587/,anal sex,爆菊
2026-09-01,杏吧传媒,85603,秀人网模特援交土豪操逼操屁眼,https://madouqu.com/video/xb5571/,anal sex,屁眼
2026-08-31,杏吧传媒,85519,人妻御姐奶妈挤奶水爆菊花浪叫,https://madouqu.com/video/xb5548/,anal sex,爆菊
2026-08-28,杏吧传媒,85158,多位良家人妻各种姿势肛交3P,https://madouqu.com/video/xb5465/,anal sex,肛交
2026-08-27,杏吧传媒,85016,同时被4个男人玩操第一次肛交,https://madouqu.com/video/xb5432/,anal sex,肛交
2026-08-26,糖心VLOG,84893,肛交大奶骚女友肛插调教肉棒插入,https://madouqu.com/video/tx4748/,anal sex,肛交
2026-08-24,杏吧传媒,84788,一夜情肛交蜜桃臀M属性母狗,https://madouqu.com/video/xb5383/,anal sex,肛交
2026-08-23,杏吧传媒,84729,绝美淫妻两套情趣高跟后入肛交,https://madouqu.com/video/xb5369/,anal sex,肛交
2026-08-20,杏吧传媒,84380,被操的跟狗一样吐舌头开发三通,https://madouqu.com/video/xb5266/,anal sex,三通
2026-08-17,杏吧传媒,84057,182退役空姐肛交内射口爆全做,https://madouqu.com/video/xb5190/,anal sex,爆菊|肛交
2026-08-15,杏吧传媒,83734,把小骚蹄子按在床上肛交猛插喷尿,https://madouqu.com/video/xb5118/,anal sex,肛交
2026-08-12,杏吧传媒,83345,私奴超夯调教毒龙扇脸肛交,https://madouqu.com/video/xb5023/,anal sex,肛交
2026-08-07,杏吧传媒,82836,长得像明星甜妹激情肛交爆菊,https://madouqu.com/video/xb4904/,anal sex,爆菊|肛交
2026-08-05,杏吧传媒,82575,首次后庭女神的菊花也被开发了,https://madouqu.com/video/xb4839/,anal sex,后庭
2026-08-03,杏吧传媒,82300,油亮丝袜双龙入洞屁眼中毒灌肠,https://madouqu.com/video/xb4770/,anal sex,屁眼
2026-08-02,杏吧传媒,82223,第一次无套肛交超薄丝袜喷水高潮,https://madouqu.com/video/xb4746/,anal sex,肛交
2026-08-02,杏吧传媒,81952,群魔群P非常刺激爆菊掰逼三洞齐开,https://madouqu.com/video/xb4683/,anal sex,爆菊
2026-07-30,杏吧传媒,81914,顶级反差舞蹈老师丝袜塞屁眼露出,https://madouqu.com/video/xb4673/,anal play (toy/plug/finger/enema/fisting),屁眼
2026-07-28,杏吧传媒,81597,淫妻母狗肛交爆菊调教舔足厕所饮尿,https://madouqu.com/video/xb4594/,anal sex,爆菊|肛交
2026-07-28,杏吧传媒,81587,男友打来电话红唇和绿主肛门啪啪,https://madouqu.com/video/xb4591/,anal sex,肛门
2026-07-22,杏吧传媒,80810,母狗首次情侣三人行轮肏肛交口爆,https://madouqu.com/video/xb4407/,anal sex,爆菊|肛交
2026-07-22,杏吧传媒,80806,青岛大妞就爱三通一达双插肛交,https://madouqu.com/video/xb4406/,anal sex,三通|肛交
2026-07-22,杏吧传媒,80803,挤奶自饮高跟鞋插穴屁眼塞裤衩,https://madouqu.com/video/xb4405/,anal play (toy/plug/finger/enema/fisting),屁眼
2026-07-18,杏吧传媒,80355,双通训练小狗生疏了后庭高潮,https://madouqu.com/video/xb4198/,anal sex,后庭
2026-07-07,杏吧传媒,79413,眼镜反差骚女友给单男爆肏肛交,https://madouqu.com/video/xb3970/,anal sex,爆菊|肛交
2026-06-29,杏吧传媒,78645,肛交盛宴巨根深插菊穴灌满精液,https://madouqu.com/video/xb3776/,anal sex,爆菊|肛交
2026-06-27,杏吧传媒,78416,黑丝嫂子约单男肛交好痛我要拉屎,https://madouqu.com/video/xb3729/,anal sex,肛交
2026-06-27,杏吧传媒,78309,深喉调教肛交爆操最后吞精喝尿,https://madouqu.com/video/xb3704/,anal sex,爆菊|肛交
2026-06-22,杏吧传媒,77836,清纯眼镜小妹性爱啪啪无套肛交,https://madouqu.com/video/xb3596/,anal sex,肛交
2026-06-20,杏吧传媒,77727,舞蹈系反差大学生舔脚毒龙圣水肛交,https://madouqu.com/video/xb3570/,anal sex,肛交
2026-06-17,杏吧传媒,77377,单男暴力操屁眼爆菊骂骂咧咧舒服,https://madouqu.com/video/xb3504/,anal sex,屁眼|爆菊
2026-06-14,杏吧传媒,77214,网红爆肛三洞轮流插喝尿管饱,https://madouqu.com/video/xb3458/,anal sex,爆菊
2026-06-13,杏吧传媒,76986,眼镜反差骚女友给单男爆肏肛交,https://madouqu.com/video/xb3400/,anal sex,爆菊|肛交
2026-06-13,杏吧传媒,76983,3p把嘴巴当成厕所当b操肛门内射,https://madouqu.com/video/xb3399/,anal sex,肛门
2026-06-09,杏吧传媒,76729,细腰蜜桃臀弹力爆菊口爆吞精足交,https://madouqu.com/video/xb3371/,anal sex,爆菊
2026-06-08,杏吧传媒,76640,我的屁眼儿好痛我戳得太深流出来,https://madouqu.com/video/xb3344/,anal sex,屁眼
2026-06-06,杏吧传媒,76511,肛交模特小姨高挑极品模特身材粉穴,https://madouqu.com/video/xb3314/,anal sex,肛交
2026-06-05,杏吧传媒,76342,空姐后庭被灌满牛奶之后被堵住,https://madouqu.com/video/xb3274/,anal play (toy/plug/finger/enema/fisting),后庭
2026-06-03,杏吧传媒,76271,抖音藤田蕙子爆菊花口爆吞精足交,https://madouqu.com/video/xb3253/,anal sex,爆菊
2026-06-01,杏吧传媒,76052,单男暴力操屁眼爆菊边骂边叫舒服,https://madouqu.com/video/xb3197/,anal sex,屁眼|爆菊
2026-05-27,杏吧传媒,75706,风骚三姐妹无套啪啪N场爆菊内射,https://madouqu.com/video/xb3117/,anal sex,爆菊
2026-05-25,杏吧传媒,75492,微博网红5月最新拳交触手肛交,https://madouqu.com/video/xb3068/,anal sex,肛交
2026-05-24,杏吧传媒,75413,闺蜜接龙屁眼紧致差点塞不进去,https://madouqu.com/video/xb3046/,anal sex,屁眼
2026-05-18,杏吧传媒,74972,骚穴怼镜头脸鲍同框爆菊双插喷水,https://madouqu.com/video/xb2940/,anal sex,爆菊
2026-05-17,杏吧传媒,74863,双穴真的是肏上瘾肛交双穴通插,https://madouqu.com/video/xb2914/,anal sex,肛交
2026-05-15,杏吧传媒,74742,网络卖淫女喜欢内射插屁眼才能高潮,https://madouqu.com/video/xb2880/,anal sex,屁眼
2026-05-14,杏吧传媒,74640,黄发嫩妹肛交疼的跪地上嚎啕大哭,https://madouqu.com/video/xb2849/,anal sex,肛交
2026-05-11,杏吧传媒,74447,骚穴菊花被无套轮流爆操最后内射,https://madouqu.com/video/xb2796/,anal sex,爆菊
2026-05-09,杏吧传媒,74203,反差幼师背地里爱三通无套内射肛交,https://madouqu.com/video/xb2741/,anal sex,三通|肛交
2026-05-08,杏吧传媒,74183,约炮软件上小骚货被操烂屁眼,https://madouqu.com/video/xb2736/,anal sex,屁眼
2026-05-08,杏吧传媒,74177,与男模多P乱交逼洞菊花双通爆肏,https://madouqu.com/video/xb2734/,anal sex,爆菊
2026-05-07,杏吧传媒,74127,肛钩调教屁眼链接头发汉服抽逼,https://madouqu.com/video/xb2719/,anal play (toy/plug/finger/enema/fisting),屁眼
2026-05-07,杏吧传媒,74094,最强婊精液肉便器极度反差肛交三通,https://madouqu.com/video/xb2711/,anal sex,三通|肛交
2026-05-06,杏吧传媒,74020,广东嫂子被单男肛交完美露脸,https://madouqu.com/video/xb2694/,anal sex,肛交
2026-04-30,杏吧传媒,73648,母狗节日礼物骚穴注满再注后庭,https://madouqu.com/video/xb2604/,anal sex,后庭
2026-04-28,杏吧传媒,73537,山东济南已婚已孕少妇勇开后庭花,https://madouqu.com/video/xb2575/,anal sex,后庭
2026-04-27,杏吧传媒,73424,被金主爸爸肛交打破以往足交限制,https://madouqu.com/video/xb2545/,anal sex,肛交
2026-04-26,杏吧传媒,73404,33岁人妻黄金年龄肛交爆菊完美露脸,https://madouqu.com/video/xb2540/,anal sex,爆菊|肛交
2026-04-26,杏吧传媒,73358,有逼就操后入抽插三通肥臀肛女,https://madouqu.com/video/xb2528/,anal sex,三通
2026-04-26,杏吧传媒,73355,永恒臣服调教虐恋肛交打桩彻底征服,https://madouqu.com/video/xb2527/,anal sex,肛交
2026-04-25,杏吧传媒,73321,精液肉便器极度反差肛交三通,https://madouqu.com/video/xb2518/,anal sex,三通|肛交
2026-04-22,杏吧传媒,73095,安徽丝袜少妇骚话被土豪猛玩肛交,https://madouqu.com/video/xb2470/,anal sex,肛交
2026-04-20,杏吧传媒,72889,小姨子教闺蜜摆姿势挨操肛交喷水,https://madouqu.com/video/xb2425/,anal sex,肛交
2026-04-18,杏吧传媒,72730,绝美人妻斯斯文文肛门都被开发了,https://madouqu.com/video/xb2392/,anal sex,肛门
2026-04-17,杏吧传媒,72669,彻底沦为黑蟒的媚黑肛奴驴屌爆操,https://madouqu.com/video/xb2378/,anal sex,爆菊
2026-04-16,杏吧传媒,72590,闺蜜大姐三人行无套抽插又爆菊花,https://madouqu.com/video/xb2363/,anal sex,爆菊
2026-04-11,杏吧传媒,72224,茶室里操旗袍肉丝嫂子情到操屁眼,https://madouqu.com/video/xb2267/,anal sex,屁眼
2026-04-11,杏吧传媒,72206,地库搭讪黑丝少妇射满屁眼骚穴,https://madouqu.com/video/xb2262/,anal sex,屁眼
2026-04-08,杏吧传媒,72003,肛交单男榨精情趣丝袜男女互相插,https://madouqu.com/video/xb2214/,anal sex,肛交
2026-04-07,杏吧传媒,71859,饮尿吞精肛交土豪的极品人形母狗,https://madouqu.com/video/xb2170/,anal sex,肛交
2026-03-30,杏吧传媒,71122,灌肠别墅泳池阳台秀屁眼骚屄双喷,https://madouqu.com/video/xb2020/,anal play (toy/plug/finger/enema/fisting),屁眼
2026-03-28,杏吧传媒,71239,请用双头龙和肉棒干我的屁眼,https://madouqu.com/video/xb2042/,anal sex,屁眼
2026-03-26,杏吧传媒,71175,肛交上瘾被黑祖宗干双洞边干边喷水,https://madouqu.com/video/xb2029/,anal sex,肛交
2026-03-25,糖心VLOG,71067,开裆牛仔裤性感宝贝操完小穴爆菊花,https://madouqu.com/video/tx3841/,anal sex,爆菊
2026-03-20,麻豆传媒,70835,姐姐穿齐逼超短裙逛街展示肛交,https://madouqu.com/video/m341/,anal sex,肛交
2026-03-17,糖心VLOG,70643,邂逅陌生小哥被先插小穴再爆菊花,https://madouqu.com/video/tx3800/,anal sex,爆菊
2026-03-15,杏吧传媒,70506,肛交3P极限挑战2根黑祖宗高潮喷水,https://madouqu.com/video/xb1913/,anal sex,肛交
2026-03-08,杏吧传媒,70108,户外三通已婚人妻少妇肛交4P,https://madouqu.com/video/xb1828/,anal sex,三通|肛交
2026-03-05,杏吧传媒,69947,婚纱新娘情趣肛门双调教玩法,https://madouqu.com/video/xb1798/,anal play (toy/plug/finger/enema/fisting),肛门
2026-03-04,杏吧传媒,69840,双穴同插双大肉棒输出肛门坐脸,https://madouqu.com/video/xb1772/,anal sex,肛门
2026-03-03,杏吧传媒,69804,婚纱新娘情趣肛门双调教玩法,https://madouqu.com/video/xb1764/,anal play (toy/plug/finger/enema/fisting),肛门
2026-02-26,杏吧传媒,69536,火爆小姨子肛交高挑极品白虎粉穴,https://madouqu.com/video/xb1710/,anal sex,肛交
2026-02-24,杏吧传媒,69350,日常做爱双洞轮换浸式插屁眼深喉,https://madouqu.com/video/xb1685/,anal sex,屁眼
2026-02-21,杏吧传媒,69189,姜舒婷约会金主野外车震调教肛交合集,https://madouqu.com/video/xb1651/,anal sex,肛交
2026-02-17,杏吧传媒,68984,暴躁老黑太生猛双洞换插拳交屁眼,https://madouqu.com/video/xb1613/,anal sex,屁眼
2026-02-12,杏吧传媒,68778,4P乱交2根黑驴屌阴道屁眼换着插,https://madouqu.com/video/xb1572/,anal sex,屁眼
2026-02-08,杏吧传媒,68502,首次肛交女儿居然干喷妈妈也要来做,https://madouqu.com/video/xb1521/,anal sex,肛交
2026-02-08,杏吧传媒,68490,火爆小姨子空姐站立后入肛交淫叫不断,https://madouqu.com/video/xb1519/,anal sex,肛交
2026-02-06,杏吧传媒,68418,母狗三通后的捆绑肛塞玩具震逼调教,https://madouqu.com/video/xb1507/,anal sex,三通
2026-02-03,杏吧传媒,68205,翘头黑驴大屌阴道屁眼换着插边插边喷,https://madouqu.com/video/xb1469/,anal sex,屁眼
2026-02-03,杏吧传媒,68174,被黑驴屌肛交边插边喷水犹如压水枪,https://madouqu.com/video/xb1465/,anal sex,肛交
2026-01-31,杏吧传媒,68028,黑驴屌真心大爆菊到脱肛边插边喷脱水,https://madouqu.com/video/xb1437/,anal sex,爆菊
2026-01-30,杏吧传媒,67936,又黑又粗大阳具肏嘴肏屁眼肏阴洞肏到脱肛,https://madouqu.com/video/xb1427/,anal sex,屁眼
2026-01-21,杏吧传媒,67501,约炮纯种黑驴屌太生猛了B洞屁眼换着插,https://madouqu.com/video/xb1365/,anal sex,屁眼
2026-01-17,杏吧传媒,67322,丝袜肛交无法把持参与其中把她内射,https://madouqu.com/video/xb1338/,anal sex,肛交
2025-12-28,杏吧传媒,66494,圣诞压轴浴缸里首次体验肛交好想再体验,https://madouqu.com/video/xb1233/,anal sex,肛交
2025-12-20,杏吧传媒,66264,空姐制服丝袜诱惑站立后入肛交淫叫不断,https://madouqu.com/video/xb1207/,anal sex,肛交
2025-12-16,JVID,66051,后庭开发下课后在教室色色被老师发现,https://madouqu.com/video/jv49/,anal sex,后庭
2025-11-30,杏吧传媒,65449,抓到外甥偷丝袜打手枪主动帮泄欲肛交内射,https://madouqu.com/video/xb1106/,anal sex,肛交
2025-11-24,杏吧传媒,65214,阳具和肉棒双插骚妈处女菊和小穴双重快感,https://madouqu.com/video/xb1075/,anal sex,爆菊
2025-11-18,杏吧传媒,65036,青春JK美眉深喉吃鸡被大鸡吧插小穴再爆菊花,https://madouqu.com/video/xb1056/,anal sex,爆菊
2025-11-06,杏吧传媒,64577,高挑丝袜高跟淫荡眼睛娘菊穴双开人间肉便器,https://madouqu.com/video/xb995/,anal sex,爆菊
2025-10-30,杏吧传媒,64389,角色扮演肛门中出性爱被各种角度狂草屁眼,https://madouqu.com/video/xb971/,anal sex,屁眼|肛门
2025-10-29,麻豆传媒,64342,肛塞调教大一蜜臀母狗羞耻屁眼跪着吞吐肉棒,https://madouqu.com/video/m242/,anal sex,屁眼
2025-10-21,糖心VLOG,64016,双穴疯狂淫叫孕期双洞狂插肉便器调教下集,https://madouqu.com/video/tx2842/,anal sex,肛门
2025-10-17,杏吧传媒,63952,气质御姐毒龙做到爽加钱三通无缝切换抽插,https://madouqu.com/video/xb923/,anal sex,三通
2025-10-16,糖心VLOG,63889,肛门调教连续高潮19回最后用肉棒填满骚洞,https://madouqu.com/video/tx2830/,anal play (toy/plug/finger/enema/fisting),肛门
2025-10-16,糖心VLOG,63870,双穴疯狂淫叫孕期双洞狂插子宫与肛门,https://madouqu.com/video/tx2826/,anal sex,肛门
2025-10-09,杏吧传媒,63749,女警骚妈来检查儿子的库存不慎被肛交内射,https://madouqu.com/video/xb897/,anal sex,肛交
2025-10-04,杏吧传媒,63604,猜猜我的屁眼到底能撑开多大,https://madouqu.com/video/xb879/,anal sex,屁眼
2025-09-22,杏吧传媒,63168,巨乳御姐淫语挑逗裸舞幻龙自慰钢球塞屁眼,https://madouqu.com/video/xb823/,anal play (toy/plug/finger/enema/fisting),屁眼
2025-09-17,杏吧传媒,62976,韵味短发人妻被两个黑屌轮插屁眼阴洞齐入,https://madouqu.com/video/xb795/,anal sex,屁眼
2025-09-16,杏吧传媒,62955,我的屁眼阴洞你挑一个随便插肛交内射,https://madouqu.com/video/xb793/,anal sex,屁眼|肛交
2025-09-14,杏吧传媒,62942,M狗主动要求3P插入后庭两腿直抽搐,https://madouqu.com/video/xb789/,anal sex,后庭
2025-08-19,杏吧传媒,62152,黑丝水手服调教强制高潮18回肛交中出,https://madouqu.com/video/xb713/,anal sex,肛交
2025-07-17,糖心VLOG,61139,没做沟通突然开始肛交老婆被插到喷水,https://madouqu.com/video/tx2532/,anal sex,肛交
2025-07-12,杏吧传媒,60944,阴洞玩够了肏屁眼道具肉棒配合高潮了,https://madouqu.com/video/xb631/,anal sex,屁眼
2025-06-26,杏吧传媒,60472,女儿穿着白色婚纱被父亲肛交插得肛门裂开,https://madouqu.com/video/xb616/,anal sex,肛交|肛门
2025-05-06,糖心VLOG,59082,年轻性感后妈想吃精液勾引在家的儿子无套肛交,https://madouqu.com/video/tx2270/,anal sex,肛交
2025-04-30,糖心VLOG,58974,骑人节肛交漫湿直肠的浪漫,https://madouqu.com/video/tx2255/,anal sex,肛交
2025-04-24,糖心VLOG,58823,F奶熟女人妻群P高级学生潮吹肛门初解禁5P,https://madouqu.com/video/tx2233/,anal sex,肛门
2025-03-21,麻豆传媒,57692,被强制肛交,https://madouqu.com/video/wmm107/,anal sex,肛交
2025-03-07,麻豆传媒,56990,MD-0342 保全与柜姐的肛交直播,https://madouqu.com/video/md-0342/,anal sex,肛交
2025-02-23,麻豆传媒,56529,肛交ANAL,https://madouqu.com/video/wmm105/,anal sex,肛交
2025-02-21,杏吧传媒,56405,东北母狗阴道肛门双拳交深喉扩张道具调教性爱,https://madouqu.com/video/xb450/,anal play (toy/plug/finger/enema/fisting),肛门
2025-02-08,糖心VLOG,55803,骚逼网红被我调教开发三通说想要尝3P,https://madouqu.com/video/tx1954/,anal sex,三通
2024-12-29,杏吧传媒,54139,母子乱伦妈妈来大姨妈儿子操妈妈屁眼,https://madouqu.com/video/xb334/,anal sex,屁眼
2024-12-13,糖心VLOG,53211,高级学生服潮吹口娇娃VS肛门初解禁,https://madouqu.com/video/tx1761/,anal sex,肛门
2024-12-13,糖心VLOG,53122,肛交初体验初次尝试后庭内射的快感,https://madouqu.com/video/tx1751/,anal sex,后庭|肛交
2024-12-12,杏吧传媒,53118,超级巨乳肥臀重型坦克4P首次肛交双通,https://madouqu.com/video/xb291/,anal sex,肛交
2024-10-30,糖心VLOG,51245,户外野战强行无套解锁后庭,https://madouqu.com/video/tx1622/,anal sex,后庭
2024-10-22,糖心VLOG,50919,户外野战强行无套解锁后庭,https://madouqu.com/video/tx1589/,anal sex,后庭
2024-10-16,杏吧传媒,50611,175CM大长腿风骚少妇肛交才能高潮,https://madouqu.com/video/xb211/,anal sex,肛交
2024-09-23,糖心VLOG,49562,旅游性爱日记 3P百合爆菊潮吹露出,https://madouqu.com/video/tx1431/,anal sex,爆菊
2024-09-04,糖心VLOG,48749,旅游性爱日记 3P百合爆菊潮吹露出,https://madouqu.com/video/tx1336/,anal sex,爆菊
2024-08-28,糖心VLOG,48451,旅游性爱日记 3P百合爆菊潮吹露出,https://madouqu.com/video/tx1292/,anal sex,爆菊
2024-08-16,糖心VLOG,47779,后妈第一次乱伦就用屁眼来抚慰儿子的鸡巴,https://madouqu.com/video/tx1219/,anal sex,屁眼
2024-05-03,精东影业,43179,JDSY-015 爸爸在我的屁眼里喷射,https://madouqu.com/video/jdsy-015/,anal sex,屁眼
2024-03-26,糖心VLOG,42218,极品美少女束缚肛交调教,https://madouqu.com/video/tx770/,anal sex,肛交
2024-02-08,糖心VLOG,41076,18岁小母狗肛交调教,https://madouqu.com/video/tx689/,anal sex,肛交
2024-01-07,大象传媒,40114,DS-21 肛交女王,https://madouqu.com/video/ds-21/,anal sex,肛交
2023-11-06,麻豆传媒,37992,MM-086 下流的肛门交配,https://madouqu.com/video/mm-086-2/,anal sex,肛门
2023-09-11,草莓视频,36251,爱肛交的少女紧致的肛门操起来真得劲,https://madouqu.com/video/cm142/,anal sex,肛交|肛门
2023-08-29,草莓视频,35451,初次尝试肛交太兴奋 他射精在我脸上,https://madouqu.com/video/cm121/,anal sex,肛交
2023-08-13,糖心VLOG,34555,NTR后续 凌辱调教指奸肛门,https://madouqu.com/video/tx353/,anal play (toy/plug/finger/enema/fisting),肛门
2023-04-25,糖心VLOG,28608,紫色开档情趣 后庭插入骑乘,https://madouqu.com/video/tx176/,anal sex,后庭
2023-01-22,麻豆传媒,23189,RS020 巨乳领导双穴遭闯 强制肛交抽插灌精,https://madouqu.com/video/rs020/,anal sex,肛交
2023-01-20,麻豆传媒,23073,MD0262 肛门淫辱白衣NTR,https://madouqu.com/video/md0262/,anal sex,肛门
2021-02-15,麻豆传媒,1238,吳夢夢監製 真實春藥 肛交解禁,https://madouqu.com/video/wmm16/,anal sex,肛交
